"","age","N.speciations","N.extinctions","N.turnover","N.species.speciation","N.species.extinction","raw.speciation.probability","raw.extinction.probability","raw.turnover.probability","HMM.speciation.state","HMM.speciation.state.probability","HMM.extinction.state","HMM.extinction.state.probability","HMM.turnover.probability"
"2",0.1,0,0,0,30,30,0,0,0,2,0.00243919399960107,1,0.00604827469032914,0.00848746868993022
"3",0.2,0,0,0,30,30,0,0,0,3,0.00676749765976574,1,0.00604827469032914,0.0128157723500949
"4",0.3,1,0,1,30,29,0.0333333333333333,0,0.0333333333333333,3,0.00676749765976574,1,0.00604827469032914,0.0128157723500949
"5",0.4,0,1,1,29,30,0,0.0333333333333333,0.0333333333333333,3,0.00676749765976574,1,0.00604827469032914,0.0128157723500949
"6",0.5,0,0,0,30,30,0,0,0,3,0.00676749765976574,1,0.00604827469032914,0.0128157723500949
"7",0.6,0,2,2,30,32,0,0.0625,0.0625,3,0.00676749765976574,1,0.00604827469032914,0.0128157723500949
"8",0.7,0,0,0,32,32,0,0,0,3,0.00676749765976574,1,0.00604827469032914,0.0128157723500949
"9",0.8,1,0,1,32,31,0.03125,0,0.03125,3,0.00676749765976574,1,0.00604827469032914,0.0128157723500949
"10",0.9,0,1,1,31,32,0,0.03125,0.03125,3,0.00676749765976574,1,0.00604827469032914,0.0128157723500949
"11",1,1,0,1,32,31,0.03125,0,0.03125,3,0.00676749765976574,1,0.00604827469032914,0.0128157723500949
"12",1.1,0,0,0,31,31,0,0,0,3,0.00676749765976574,1,0.00604827469032914,0.0128157723500949
"13",1.2,0,0,0,31,31,0,0,0,3,0.00676749765976574,1,0.00604827469032914,0.0128157723500949
"14",1.3,0,1,1,31,32,0,0.03125,0.03125,3,0.00676749765976574,1,0.00604827469032914,0.0128157723500949
"15",1.4,0,0,0,32,32,0,0,0,3,0.00676749765976574,1,0.00604827469032914,0.0128157723500949
"16",1.5,1,0,1,32,31,0.03125,0,0.03125,3,0.00676749765976574,1,0.00604827469032914,0.0128157723500949
"17",1.6,0,1,1,31,32,0,0.03125,0.03125,3,0.00676749765976574,1,0.00604827469032914,0.0128157723500949
"18",1.7,0,0,0,32,32,0,0,0,3,0.00676749765976574,1,0.00604827469032914,0.0128157723500949
"19",1.8,0,2,2,32,34,0,0.0588235294117647,0.0588235294117647,3,0.00676749765976574,1,0.00604827469032914,0.0128157723500949
"20",1.9,0,1,1,34,35,0,0.0285714285714286,0.0285714285714286,3,0.00676749765976574,1,0.00604827469032914,0.0128157723500949
"21",2,0,1,1,35,36,0,0.0277777777777778,0.0277777777777778,3,0.00676749765976574,1,0.00604827469032914,0.0128157723500949
"22",2.1,2,1,3,36,35,0.0555555555555556,0.0285714285714286,0.0841269841269841,1,0.038180058561438,1,0.00604827469032914,0.0442283332517671
"23",2.2,0,0,0,35,35,0,0,0,2,0.00243919399960107,1,0.00604827469032914,0.00848746868993022
"24",2.3,0,1,1,35,36,0,0.0277777777777778,0.0277777777777778,3,0.00676749765976574,1,0.00604827469032914,0.0128157723500949
"25",2.4,0,1,1,36,37,0,0.027027027027027,0.027027027027027,3,0.00676749765976574,1,0.00604827469032914,0.0128157723500949
"26",2.5,0,0,0,37,37,0,0,0,3,0.00676749765976574,1,0.00604827469032914,0.0128157723500949
"27",2.6,0,0,0,37,37,0,0,0,3,0.00676749765976574,1,0.00604827469032914,0.0128157723500949
"28",2.7,0,0,0,37,37,0,0,0,3,0.00676749765976574,1,0.00604827469032914,0.0128157723500949
"29",2.8,0,0,0,37,37,0,0,0,3,0.00676749765976574,1,0.00604827469032914,0.0128157723500949
"30",2.9,0,0,0,37,37,0,0,0,3,0.00676749765976574,1,0.00604827469032914,0.0128157723500949
"31",3,0,1,1,37,38,0,0.0263157894736842,0.0263157894736842,3,0.00676749765976574,1,0.00604827469032914,0.0128157723500949
"32",3.1,0,1,1,38,39,0,0.0256410256410256,0.0256410256410256,3,0.00676749765976574,1,0.00604827469032914,0.0128157723500949
"33",3.2,0,0,0,39,39,0,0,0,3,0.00676749765976574,1,0.00604827469032914,0.0128157723500949
"34",3.3,2,1,3,39,38,0.0512820512820513,0.0263157894736842,0.0775978407557355,1,0.038180058561438,1,0.00604827469032914,0.0442283332517671
"35",3.4,1,0,1,38,37,0.0263157894736842,0,0.0263157894736842,1,0.038180058561438,1,0.00604827469032914,0.0442283332517671
"36",3.5,0,0,0,37,37,0,0,0,2,0.00243919399960107,1,0.00604827469032914,0.00848746868993022
"37",3.6,1,0,1,37,36,0.027027027027027,0,0.027027027027027,3,0.00676749765976574,1,0.00604827469032914,0.0128157723500949
"38",3.7,0,1,1,36,37,0,0.027027027027027,0.027027027027027,3,0.00676749765976574,1,0.00604827469032914,0.0128157723500949
"39",3.8,1,1,2,37,37,0.027027027027027,0.027027027027027,0.0540540540540541,3,0.00676749765976574,1,0.00604827469032914,0.0128157723500949
"40",3.9,0,0,0,37,37,0,0,0,3,0.00676749765976574,1,0.00604827469032914,0.0128157723500949
"41",4,0,0,0,37,37,0,0,0,3,0.00676749765976574,1,0.00604827469032914,0.0128157723500949
"42",4.1,0,0,0,37,37,0,0,0,3,0.00676749765976574,1,0.00604827469032914,0.0128157723500949
"43",4.2,0,3,3,37,40,0,0.075,0.075,3,0.00676749765976574,2,0.0789223031403721,0.0856898008001379
"44",4.3,0,0,0,40,40,0,0,0,3,0.00676749765976574,1,0.00604827469032914,0.0128157723500949
"45",4.4,1,1,2,40,40,0.025,0.025,0.05,1,0.038180058561438,1,0.00604827469032914,0.0442283332517671
"46",4.5,2,2,4,40,40,0.05,0.05,0.1,1,0.038180058561438,1,0.00604827469032914,0.0442283332517671
"47",4.6,1,0,1,40,39,0.025,0,0.025,1,0.038180058561438,1,0.00604827469032914,0.0442283332517671
"48",4.7,0,0,0,39,39,0,0,0,2,0.00243919399960107,1,0.00604827469032914,0.00848746868993022
"49",4.8,0,2,2,39,41,0,0.0487804878048781,0.0487804878048781,2,0.00243919399960107,1,0.00604827469032914,0.00848746868993022
"50",4.9,0,0,0,41,41,0,0,0,2,0.00243919399960107,1,0.00604827469032914,0.00848746868993022
"51",5,0,0,0,41,41,0,0,0,2,0.00243919399960107,1,0.00604827469032914,0.00848746868993022
"52",5.1,0,0,0,41,41,0,0,0,3,0.00676749765976574,1,0.00604827469032914,0.0128157723500949
"53",5.2,1,0,1,41,40,0.024390243902439,0,0.024390243902439,1,0.038180058561438,1,0.00604827469032914,0.0442283332517671
"54",5.3,2,1,3,40,39,0.05,0.0256410256410256,0.0756410256410256,1,0.038180058561438,1,0.00604827469032914,0.0442283332517671
"55",5.4,0,0,0,39,39,0,0,0,2,0.00243919399960107,1,0.00604827469032914,0.00848746868993022
"56",5.5,0,0,0,39,39,0,0,0,3,0.00676749765976574,1,0.00604827469032914,0.0128157723500949
"57",5.6,1,0,1,39,38,0.0256410256410256,0,0.0256410256410256,1,0.038180058561438,1,0.00604827469032914,0.0442283332517671
"58",5.7,2,0,2,38,36,0.0526315789473684,0,0.0526315789473684,1,0.038180058561438,1,0.00604827469032914,0.0442283332517671
"59",5.8,1,0,1,36,35,0.0277777777777778,0,0.0277777777777778,1,0.038180058561438,1,0.00604827469032914,0.0442283332517671
"60",5.9,0,1,1,35,36,0,0.0277777777777778,0.0277777777777778,2,0.00243919399960107,1,0.00604827469032914,0.00848746868993022
"61",6,0,0,0,36,36,0,0,0,3,0.00676749765976574,1,0.00604827469032914,0.0128157723500949
"62",6.1,0,0,0,36,36,0,0,0,3,0.00676749765976574,1,0.00604827469032914,0.0128157723500949
"63",6.2,1,0,1,36,35,0.0277777777777778,0,0.0277777777777778,3,0.00676749765976574,1,0.00604827469032914,0.0128157723500949
"64",6.3,0,0,0,35,35,0,0,0,3,0.00676749765976574,1,0.00604827469032914,0.0128157723500949
"65",6.4,0,0,0,35,35,0,0,0,3,0.00676749765976574,1,0.00604827469032914,0.0128157723500949
"66",6.5,0,0,0,35,35,0,0,0,3,0.00676749765976574,1,0.00604827469032914,0.0128157723500949
"67",6.6,0,0,0,35,35,0,0,0,3,0.00676749765976574,1,0.00604827469032914,0.0128157723500949
"68",6.7,1,0,1,35,34,0.0285714285714286,0,0.0285714285714286,3,0.00676749765976574,1,0.00604827469032914,0.0128157723500949
"69",6.8,0,0,0,34,34,0,0,0,3,0.00676749765976574,1,0.00604827469032914,0.0128157723500949
"70",6.9,0,0,0,34,34,0,0,0,3,0.00676749765976574,1,0.00604827469032914,0.0128157723500949
"71",7,0,1,1,34,35,0,0.0285714285714286,0.0285714285714286,3,0.00676749765976574,1,0.00604827469032914,0.0128157723500949
"72",7.1,0,0,0,35,35,0,0,0,3,0.00676749765976574,1,0.00604827469032914,0.0128157723500949
"73",7.2,0,0,0,35,35,0,0,0,3,0.00676749765976574,1,0.00604827469032914,0.0128157723500949
"74",7.3,0,0,0,35,35,0,0,0,3,0.00676749765976574,1,0.00604827469032914,0.0128157723500949
"75",7.4,0,0,0,35,35,0,0,0,3,0.00676749765976574,1,0.00604827469032914,0.0128157723500949
"76",7.5,0,0,0,35,35,0,0,0,3,0.00676749765976574,1,0.00604827469032914,0.0128157723500949
"77",7.6,0,0,0,35,35,0,0,0,3,0.00676749765976574,1,0.00604827469032914,0.0128157723500949
"78",7.7,0,0,0,35,35,0,0,0,3,0.00676749765976574,1,0.00604827469032914,0.0128157723500949
"79",7.8,0,0,0,35,35,0,0,0,3,0.00676749765976574,1,0.00604827469032914,0.0128157723500949
"80",7.9,0,0,0,35,35,0,0,0,3,0.00676749765976574,1,0.00604827469032914,0.0128157723500949
"81",8,0,0,0,35,35,0,0,0,3,0.00676749765976574,1,0.00604827469032914,0.0128157723500949
"82",8.1,1,0,1,35,34,0.0285714285714286,0,0.0285714285714286,3,0.00676749765976574,1,0.00604827469032914,0.0128157723500949
"83",8.2,0,0,0,34,34,0,0,0,3,0.00676749765976574,1,0.00604827469032914,0.0128157723500949
"84",8.3,0,0,0,34,34,0,0,0,3,0.00676749765976574,1,0.00604827469032914,0.0128157723500949
"85",8.4,0,0,0,34,34,0,0,0,3,0.00676749765976574,1,0.00604827469032914,0.0128157723500949
"86",8.5,2,1,3,34,33,0.0588235294117647,0.0303030303030303,0.089126559714795,1,0.038180058561438,1,0.00604827469032914,0.0442283332517671
"87",8.6,0,0,0,33,33,0,0,0,2,0.00243919399960107,1,0.00604827469032914,0.00848746868993022
"88",8.7,0,0,0,33,33,0,0,0,3,0.00676749765976574,1,0.00604827469032914,0.0128157723500949
"89",8.8,0,0,0,33,33,0,0,0,3,0.00676749765976574,1,0.00604827469032914,0.0128157723500949
"90",8.9,0,0,0,33,33,0,0,0,3,0.00676749765976574,1,0.00604827469032914,0.0128157723500949
"91",9,0,0,0,33,33,0,0,0,3,0.00676749765976574,1,0.00604827469032914,0.0128157723500949
"92",9.1,0,0,0,33,33,0,0,0,3,0.00676749765976574,1,0.00604827469032914,0.0128157723500949
"93",9.2,0,0,0,33,33,0,0,0,3,0.00676749765976574,1,0.00604827469032914,0.0128157723500949
"94",9.3,0,0,0,33,33,0,0,0,3,0.00676749765976574,1,0.00604827469032914,0.0128157723500949
"95",9.4,2,0,2,33,31,0.0606060606060606,0,0.0606060606060606,1,0.038180058561438,1,0.00604827469032914,0.0442283332517671
"96",9.5,0,0,0,31,31,0,0,0,2,0.00243919399960107,1,0.00604827469032914,0.00848746868993022
"97",9.6,0,0,0,31,31,0,0,0,3,0.00676749765976574,1,0.00604827469032914,0.0128157723500949
"98",9.7,0,0,0,31,31,0,0,0,3,0.00676749765976574,1,0.00604827469032914,0.0128157723500949
"99",9.8,0,1,1,31,32,0,0.03125,0.03125,3,0.00676749765976574,1,0.00604827469032914,0.0128157723500949
"100",9.9,0,0,0,32,32,0,0,0,3,0.00676749765976574,1,0.00604827469032914,0.0128157723500949
"101",10,0,0,0,32,32,0,0,0,3,0.00676749765976574,1,0.00604827469032914,0.0128157723500949
"102",10.1,0,0,0,32,32,0,0,0,3,0.00676749765976574,1,0.00604827469032914,0.0128157723500949
"103",10.2,1,1,2,32,32,0.03125,0.03125,0.0625,3,0.00676749765976574,1,0.00604827469032914,0.0128157723500949
"104",10.3,1,0,1,32,31,0.03125,0,0.03125,3,0.00676749765976574,1,0.00604827469032914,0.0128157723500949
"105",10.4,0,0,0,31,31,0,0,0,3,0.00676749765976574,1,0.00604827469032914,0.0128157723500949
"106",10.5,0,1,1,31,32,0,0.03125,0.03125,3,0.00676749765976574,1,0.00604827469032914,0.0128157723500949
"107",10.6,0,0,0,32,32,0,0,0,3,0.00676749765976574,1,0.00604827469032914,0.0128157723500949
"108",10.7,0,0,0,32,32,0,0,0,3,0.00676749765976574,1,0.00604827469032914,0.0128157723500949
"109",10.8,4,0,4,32,28,0.125,0,0.125,1,0.038180058561438,1,0.00604827469032914,0.0442283332517671
"110",10.9,0,0,0,28,28,0,0,0,2,0.00243919399960107,1,0.00604827469032914,0.00848746868993022
"111",11,0,0,0,28,28,0,0,0,3,0.00676749765976574,1,0.00604827469032914,0.0128157723500949
"112",11.1,0,0,0,28,28,0,0,0,3,0.00676749765976574,1,0.00604827469032914,0.0128157723500949
"113",11.2,0,0,0,28,28,0,0,0,3,0.00676749765976574,1,0.00604827469032914,0.0128157723500949
"114",11.3,0,0,0,28,28,0,0,0,3,0.00676749765976574,1,0.00604827469032914,0.0128157723500949
"115",11.4,0,0,0,28,28,0,0,0,3,0.00676749765976574,1,0.00604827469032914,0.0128157723500949
"116",11.5,0,1,1,28,29,0,0.0344827586206897,0.0344827586206897,3,0.00676749765976574,1,0.00604827469032914,0.0128157723500949
"117",11.6,0,0,0,29,29,0,0,0,3,0.00676749765976574,1,0.00604827469032914,0.0128157723500949
"118",11.7,0,0,0,29,29,0,0,0,3,0.00676749765976574,1,0.00604827469032914,0.0128157723500949
"119",11.8,0,1,1,29,30,0,0.0333333333333333,0.0333333333333333,3,0.00676749765976574,1,0.00604827469032914,0.0128157723500949
"120",11.9,0,0,0,30,30,0,0,0,3,0.00676749765976574,1,0.00604827469032914,0.0128157723500949
"121",12,0,0,0,30,30,0,0,0,3,0.00676749765976574,1,0.00604827469032914,0.0128157723500949
"122",12.1,0,0,0,30,30,0,0,0,3,0.00676749765976574,1,0.00604827469032914,0.0128157723500949
"123",12.2,0,0,0,30,30,0,0,0,3,0.00676749765976574,1,0.00604827469032914,0.0128157723500949
"124",12.3,0,0,0,30,30,0,0,0,3,0.00676749765976574,1,0.00604827469032914,0.0128157723500949
"125",12.4,1,2,3,30,31,0.0333333333333333,0.0645161290322581,0.0978494623655914,3,0.00676749765976574,1,0.00604827469032914,0.0128157723500949
"126",12.5,0,0,0,31,31,0,0,0,3,0.00676749765976574,1,0.00604827469032914,0.0128157723500949
"127",12.6,0,0,0,31,31,0,0,0,3,0.00676749765976574,1,0.00604827469032914,0.0128157723500949
"128",12.7,0,0,0,31,31,0,0,0,3,0.00676749765976574,1,0.00604827469032914,0.0128157723500949
"129",12.8,0,0,0,31,31,0,0,0,3,0.00676749765976574,1,0.00604827469032914,0.0128157723500949
"130",12.9,0,0,0,31,31,0,0,0,3,0.00676749765976574,1,0.00604827469032914,0.0128157723500949
"131",13,0,0,0,31,31,0,0,0,3,0.00676749765976574,1,0.00604827469032914,0.0128157723500949
"132",13.1,0,0,0,31,31,0,0,0,3,0.00676749765976574,1,0.00604827469032914,0.0128157723500949
"133",13.2,0,0,0,31,31,0,0,0,3,0.00676749765976574,1,0.00604827469032914,0.0128157723500949
"134",13.3,0,0,0,31,31,0,0,0,3,0.00676749765976574,1,0.00604827469032914,0.0128157723500949
"135",13.4,0,0,0,31,31,0,0,0,3,0.00676749765976574,1,0.00604827469032914,0.0128157723500949
"136",13.5,0,0,0,31,31,0,0,0,3,0.00676749765976574,1,0.00604827469032914,0.0128157723500949
"137",13.6,1,0,1,31,30,0.032258064516129,0,0.032258064516129,3,0.00676749765976574,1,0.00604827469032914,0.0128157723500949
"138",13.7,0,0,0,30,30,0,0,0,3,0.00676749765976574,1,0.00604827469032914,0.0128157723500949
"139",13.8,2,1,3,30,29,0.0666666666666667,0.0344827586206897,0.101149425287356,1,0.038180058561438,1,0.00604827469032914,0.0442283332517671
"140",13.9,0,1,1,29,30,0,0.0333333333333333,0.0333333333333333,2,0.00243919399960107,1,0.00604827469032914,0.00848746868993022
"141",14,0,0,0,30,30,0,0,0,3,0.00676749765976574,1,0.00604827469032914,0.0128157723500949
"142",14.1,2,1,3,30,29,0.0666666666666667,0.0344827586206897,0.101149425287356,1,0.038180058561438,1,0.00604827469032914,0.0442283332517671
"143",14.2,2,1,3,29,28,0.0689655172413793,0.0357142857142857,0.104679802955665,1,0.038180058561438,1,0.00604827469032914,0.0442283332517671
"144",14.3,0,0,0,28,28,0,0,0,2,0.00243919399960107,1,0.00604827469032914,0.00848746868993022
"145",14.4,0,0,0,28,28,0,0,0,3,0.00676749765976574,1,0.00604827469032914,0.0128157723500949
"146",14.5,0,0,0,28,28,0,0,0,3,0.00676749765976574,1,0.00604827469032914,0.0128157723500949
"147",14.6,0,0,0,28,28,0,0,0,3,0.00676749765976574,1,0.00604827469032914,0.0128157723500949
"148",14.7,0,0,0,28,28,0,0,0,3,0.00676749765976574,1,0.00604827469032914,0.0128157723500949
"149",14.8,0,0,0,28,28,0,0,0,3,0.00676749765976574,1,0.00604827469032914,0.0128157723500949
"150",14.9,0,0,0,28,28,0,0,0,3,0.00676749765976574,1,0.00604827469032914,0.0128157723500949
"151",15,0,0,0,28,28,0,0,0,3,0.00676749765976574,1,0.00604827469032914,0.0128157723500949
"152",15.1,1,2,3,28,29,0.0357142857142857,0.0689655172413793,0.104679802955665,1,0.038180058561438,1,0.00604827469032914,0.0442283332517671
"153",15.2,1,0,1,29,28,0.0344827586206897,0,0.0344827586206897,1,0.038180058561438,1,0.00604827469032914,0.0442283332517671
"154",15.3,0,0,0,28,28,0,0,0,2,0.00243919399960107,1,0.00604827469032914,0.00848746868993022
"155",15.4,0,0,0,28,28,0,0,0,3,0.00676749765976574,1,0.00604827469032914,0.0128157723500949
"156",15.5,0,0,0,28,28,0,0,0,3,0.00676749765976574,1,0.00604827469032914,0.0128157723500949
"157",15.6,0,0,0,28,28,0,0,0,3,0.00676749765976574,1,0.00604827469032914,0.0128157723500949
"158",15.7,0,0,0,28,28,0,0,0,3,0.00676749765976574,1,0.00604827469032914,0.0128157723500949
"159",15.8,1,0,1,28,27,0.0357142857142857,0,0.0357142857142857,3,0.00676749765976574,1,0.00604827469032914,0.0128157723500949
"160",15.9,0,0,0,27,27,0,0,0,3,0.00676749765976574,1,0.00604827469032914,0.0128157723500949
"161",16,0,0,0,27,27,0,0,0,3,0.00676749765976574,1,0.00604827469032914,0.0128157723500949
"162",16.1,0,0,0,27,27,0,0,0,3,0.00676749765976574,1,0.00604827469032914,0.0128157723500949
"163",16.2,0,0,0,27,27,0,0,0,3,0.00676749765976574,1,0.00604827469032914,0.0128157723500949
"164",16.3,0,1,1,27,28,0,0.0357142857142857,0.0357142857142857,3,0.00676749765976574,1,0.00604827469032914,0.0128157723500949
"165",16.4,0,1,1,28,29,0,0.0344827586206897,0.0344827586206897,3,0.00676749765976574,1,0.00604827469032914,0.0128157723500949
"166",16.5,0,0,0,29,29,0,0,0,3,0.00676749765976574,1,0.00604827469032914,0.0128157723500949
"167",16.6,0,0,0,29,29,0,0,0,3,0.00676749765976574,1,0.00604827469032914,0.0128157723500949
"168",16.7,2,1,3,29,28,0.0689655172413793,0.0357142857142857,0.104679802955665,1,0.038180058561438,1,0.00604827469032914,0.0442283332517671
"169",16.8,0,0,0,28,28,0,0,0,2,0.00243919399960107,1,0.00604827469032914,0.00848746868993022
"170",16.9,0,0,0,28,28,0,0,0,3,0.00676749765976574,1,0.00604827469032914,0.0128157723500949
"171",17,0,0,0,28,28,0,0,0,3,0.00676749765976574,1,0.00604827469032914,0.0128157723500949
"172",17.1,1,0,1,28,27,0.0357142857142857,0,0.0357142857142857,3,0.00676749765976574,1,0.00604827469032914,0.0128157723500949
"173",17.2,0,0,0,27,27,0,0,0,3,0.00676749765976574,1,0.00604827469032914,0.0128157723500949
"174",17.3,0,0,0,27,27,0,0,0,3,0.00676749765976574,1,0.00604827469032914,0.0128157723500949
"175",17.4,0,0,0,27,27,0,0,0,3,0.00676749765976574,1,0.00604827469032914,0.0128157723500949
"176",17.5,1,1,2,27,27,0.037037037037037,0.037037037037037,0.0740740740740741,3,0.00676749765976574,1,0.00604827469032914,0.0128157723500949
"177",17.6,0,0,0,27,27,0,0,0,3,0.00676749765976574,1,0.00604827469032914,0.0128157723500949
"178",17.7,0,0,0,27,27,0,0,0,3,0.00676749765976574,1,0.00604827469032914,0.0128157723500949
"179",17.8,1,0,1,27,26,0.037037037037037,0,0.037037037037037,3,0.00676749765976574,1,0.00604827469032914,0.0128157723500949
"180",17.9,0,0,0,26,26,0,0,0,3,0.00676749765976574,1,0.00604827469032914,0.0128157723500949
"181",18,0,0,0,26,26,0,0,0,3,0.00676749765976574,1,0.00604827469032914,0.0128157723500949
"182",18.1,0,0,0,26,26,0,0,0,3,0.00676749765976574,1,0.00604827469032914,0.0128157723500949
"183",18.2,0,0,0,26,26,0,0,0,3,0.00676749765976574,1,0.00604827469032914,0.0128157723500949
"184",18.3,1,0,1,26,25,0.0384615384615385,0,0.0384615384615385,3,0.00676749765976574,1,0.00604827469032914,0.0128157723500949
"185",18.4,0,0,0,25,25,0,0,0,3,0.00676749765976574,1,0.00604827469032914,0.0128157723500949
"186",18.5,0,0,0,25,25,0,0,0,3,0.00676749765976574,1,0.00604827469032914,0.0128157723500949
"187",18.6,0,0,0,25,25,0,0,0,3,0.00676749765976574,1,0.00604827469032914,0.0128157723500949
"188",18.7,0,0,0,25,25,0,0,0,3,0.00676749765976574,1,0.00604827469032914,0.0128157723500949
"189",18.8,0,0,0,25,25,0,0,0,3,0.00676749765976574,1,0.00604827469032914,0.0128157723500949
"190",18.9,0,0,0,25,25,0,0,0,3,0.00676749765976574,1,0.00604827469032914,0.0128157723500949
"191",19,0,0,0,25,25,0,0,0,3,0.00676749765976574,1,0.00604827469032914,0.0128157723500949
"192",19.1,0,1,1,25,26,0,0.0384615384615385,0.0384615384615385,3,0.00676749765976574,1,0.00604827469032914,0.0128157723500949
"193",19.2,0,0,0,26,26,0,0,0,3,0.00676749765976574,1,0.00604827469032914,0.0128157723500949
"194",19.3,0,1,1,26,27,0,0.037037037037037,0.037037037037037,3,0.00676749765976574,1,0.00604827469032914,0.0128157723500949
"195",19.4,0,0,0,27,27,0,0,0,3,0.00676749765976574,1,0.00604827469032914,0.0128157723500949
"196",19.5,0,0,0,27,27,0,0,0,3,0.00676749765976574,1,0.00604827469032914,0.0128157723500949
"197",19.6,0,0,0,27,27,0,0,0,3,0.00676749765976574,1,0.00604827469032914,0.0128157723500949
"198",19.7,0,0,0,27,27,0,0,0,3,0.00676749765976574,1,0.00604827469032914,0.0128157723500949
"199",19.8,0,0,0,27,27,0,0,0,3,0.00676749765976574,1,0.00604827469032914,0.0128157723500949
"200",19.9,0,0,0,27,27,0,0,0,3,0.00676749765976574,1,0.00604827469032914,0.0128157723500949
"201",20,0,0,0,27,27,0,0,0,3,0.00676749765976574,1,0.00604827469032914,0.0128157723500949
"202",20.1,0,0,0,27,27,0,0,0,3,0.00676749765976574,1,0.00604827469032914,0.0128157723500949
"203",20.2,0,0,0,27,27,0,0,0,3,0.00676749765976574,1,0.00604827469032914,0.0128157723500949
"204",20.3,0,0,0,27,27,0,0,0,3,0.00676749765976574,1,0.00604827469032914,0.0128157723500949
"205",20.4,0,0,0,27,27,0,0,0,3,0.00676749765976574,1,0.00604827469032914,0.0128157723500949
"206",20.5,0,0,0,27,27,0,0,0,3,0.00676749765976574,1,0.00604827469032914,0.0128157723500949
"207",20.6,0,0,0,27,27,0,0,0,3,0.00676749765976574,1,0.00604827469032914,0.0128157723500949
"208",20.7,0,0,0,27,27,0,0,0,3,0.00676749765976574,1,0.00604827469032914,0.0128157723500949
"209",20.8,1,0,1,27,26,0.037037037037037,0,0.037037037037037,1,0.038180058561438,1,0.00604827469032914,0.0442283332517671
"210",20.9,1,1,2,26,26,0.0384615384615385,0.0384615384615385,0.0769230769230769,1,0.038180058561438,1,0.00604827469032914,0.0442283332517671
"211",21,0,0,0,26,26,0,0,0,2,0.00243919399960107,1,0.00604827469032914,0.00848746868993022
"212",21.1,1,1,2,26,26,0.0384615384615385,0.0384615384615385,0.0769230769230769,3,0.00676749765976574,1,0.00604827469032914,0.0128157723500949
"213",21.2,0,0,0,26,26,0,0,0,3,0.00676749765976574,1,0.00604827469032914,0.0128157723500949
"214",21.3,0,0,0,26,26,0,0,0,3,0.00676749765976574,1,0.00604827469032914,0.0128157723500949
"215",21.4,0,0,0,26,26,0,0,0,3,0.00676749765976574,1,0.00604827469032914,0.0128157723500949
"216",21.5,1,0,1,26,25,0.0384615384615385,0,0.0384615384615385,1,0.038180058561438,1,0.00604827469032914,0.0442283332517671
"217",21.6,1,0,1,25,24,0.04,0,0.04,1,0.038180058561438,1,0.00604827469032914,0.0442283332517671
"218",21.7,0,0,0,24,24,0,0,0,2,0.00243919399960107,1,0.00604827469032914,0.00848746868993022
"219",21.8,0,0,0,24,24,0,0,0,3,0.00676749765976574,1,0.00604827469032914,0.0128157723500949
"220",21.9,1,1,2,24,24,0.0416666666666667,0.0416666666666667,0.0833333333333333,1,0.038180058561438,1,0.00604827469032914,0.0442283332517671
"221",22,1,0,1,24,23,0.0416666666666667,0,0.0416666666666667,1,0.038180058561438,1,0.00604827469032914,0.0442283332517671
"222",22.1,0,0,0,23,23,0,0,0,2,0.00243919399960107,1,0.00604827469032914,0.00848746868993022
"223",22.2,0,0,0,23,23,0,0,0,3,0.00676749765976574,1,0.00604827469032914,0.0128157723500949
"224",22.3,0,0,0,23,23,0,0,0,3,0.00676749765976574,1,0.00604827469032914,0.0128157723500949
"225",22.4,2,0,2,23,21,0.0869565217391304,0,0.0869565217391304,1,0.038180058561438,1,0.00604827469032914,0.0442283332517671
"226",22.5,0,0,0,21,21,0,0,0,2,0.00243919399960107,1,0.00604827469032914,0.00848746868993022
"227",22.6,0,0,0,21,21,0,0,0,3,0.00676749765976574,1,0.00604827469032914,0.0128157723500949
"228",22.7,0,0,0,21,21,0,0,0,3,0.00676749765976574,1,0.00604827469032914,0.0128157723500949
"229",22.8,0,0,0,21,21,0,0,0,3,0.00676749765976574,1,0.00604827469032914,0.0128157723500949
"230",22.9,0,1,1,21,22,0,0.0454545454545455,0.0454545454545455,3,0.00676749765976574,1,0.00604827469032914,0.0128157723500949
"231",23,1,4,5,22,25,0.0454545454545455,0.16,0.205454545454545,3,0.00676749765976574,2,0.0789223031403721,0.0856898008001379
"232",23.1,0,0,0,25,25,0,0,0,3,0.00676749765976574,1,0.00604827469032914,0.0128157723500949
"233",23.2,0,0,0,25,25,0,0,0,3,0.00676749765976574,1,0.00604827469032914,0.0128157723500949
"234",23.3,0,1,1,25,26,0,0.0384615384615385,0.0384615384615385,3,0.00676749765976574,1,0.00604827469032914,0.0128157723500949
"235",23.4,0,0,0,26,26,0,0,0,3,0.00676749765976574,1,0.00604827469032914,0.0128157723500949
"236",23.5,0,0,0,26,26,0,0,0,3,0.00676749765976574,1,0.00604827469032914,0.0128157723500949
"237",23.6,0,1,1,26,27,0,0.037037037037037,0.037037037037037,3,0.00676749765976574,1,0.00604827469032914,0.0128157723500949
"238",23.7,0,0,0,27,27,0,0,0,3,0.00676749765976574,1,0.00604827469032914,0.0128157723500949
"239",23.8,0,0,0,27,27,0,0,0,3,0.00676749765976574,1,0.00604827469032914,0.0128157723500949
"240",23.9,0,0,0,27,27,0,0,0,3,0.00676749765976574,1,0.00604827469032914,0.0128157723500949
"241",24,0,0,0,27,27,0,0,0,3,0.00676749765976574,1,0.00604827469032914,0.0128157723500949
"242",24.1,0,0,0,27,27,0,0,0,3,0.00676749765976574,1,0.00604827469032914,0.0128157723500949
"243",24.2,0,0,0,27,27,0,0,0,3,0.00676749765976574,1,0.00604827469032914,0.0128157723500949
"244",24.3,0,0,0,27,27,0,0,0,3,0.00676749765976574,1,0.00604827469032914,0.0128157723500949
"245",24.4,1,0,1,27,26,0.037037037037037,0,0.037037037037037,3,0.00676749765976574,1,0.00604827469032914,0.0128157723500949
"246",24.5,0,0,0,26,26,0,0,0,3,0.00676749765976574,1,0.00604827469032914,0.0128157723500949
"247",24.6,0,0,0,26,26,0,0,0,3,0.00676749765976574,1,0.00604827469032914,0.0128157723500949
"248",24.7,0,0,0,26,26,0,0,0,3,0.00676749765976574,1,0.00604827469032914,0.0128157723500949
"249",24.8,2,2,4,26,26,0.0769230769230769,0.0769230769230769,0.153846153846154,1,0.038180058561438,2,0.0789223031403721,0.11710236170181
"250",24.9,0,0,0,26,26,0,0,0,2,0.00243919399960107,1,0.00604827469032914,0.00848746868993022
"251",25,0,0,0,26,26,0,0,0,3,0.00676749765976574,1,0.00604827469032914,0.0128157723500949
"252",25.1,0,0,0,26,26,0,0,0,3,0.00676749765976574,1,0.00604827469032914,0.0128157723500949
"253",25.2,1,0,1,26,25,0.0384615384615385,0,0.0384615384615385,3,0.00676749765976574,1,0.00604827469032914,0.0128157723500949
"254",25.3,0,0,0,25,25,0,0,0,3,0.00676749765976574,1,0.00604827469032914,0.0128157723500949
"255",25.4,0,0,0,25,25,0,0,0,3,0.00676749765976574,1,0.00604827469032914,0.0128157723500949
"256",25.5,0,0,0,25,25,0,0,0,3,0.00676749765976574,1,0.00604827469032914,0.0128157723500949
"257",25.6,0,0,0,25,25,0,0,0,3,0.00676749765976574,1,0.00604827469032914,0.0128157723500949
"258",25.7,0,0,0,25,25,0,0,0,3,0.00676749765976574,1,0.00604827469032914,0.0128157723500949
"259",25.8,0,0,0,25,25,0,0,0,3,0.00676749765976574,1,0.00604827469032914,0.0128157723500949
"260",25.9,1,0,1,25,24,0.04,0,0.04,3,0.00676749765976574,1,0.00604827469032914,0.0128157723500949
"261",26,0,0,0,24,24,0,0,0,3,0.00676749765976574,1,0.00604827469032914,0.0128157723500949
"262",26.1,0,0,0,24,24,0,0,0,3,0.00676749765976574,1,0.00604827469032914,0.0128157723500949
"263",26.2,0,0,0,24,24,0,0,0,3,0.00676749765976574,1,0.00604827469032914,0.0128157723500949
"264",26.3,0,0,0,24,24,0,0,0,3,0.00676749765976574,1,0.00604827469032914,0.0128157723500949
"265",26.4,0,0,0,24,24,0,0,0,3,0.00676749765976574,1,0.00604827469032914,0.0128157723500949
"266",26.5,0,0,0,24,24,0,0,0,3,0.00676749765976574,1,0.00604827469032914,0.0128157723500949
"267",26.6,2,3,5,24,25,0.0833333333333333,0.12,0.203333333333333,1,0.038180058561438,2,0.0789223031403721,0.11710236170181
"268",26.7,2,1,3,25,24,0.08,0.0416666666666667,0.121666666666667,1,0.038180058561438,1,0.00604827469032914,0.0442283332517671
"269",26.8,0,1,1,24,25,0,0.04,0.04,2,0.00243919399960107,1,0.00604827469032914,0.00848746868993022
"270",26.9,0,1,1,25,26,0,0.0384615384615385,0.0384615384615385,3,0.00676749765976574,1,0.00604827469032914,0.0128157723500949
"271",27,0,0,0,26,26,0,0,0,3,0.00676749765976574,1,0.00604827469032914,0.0128157723500949
"272",27.1,0,0,0,26,26,0,0,0,3,0.00676749765976574,1,0.00604827469032914,0.0128157723500949
"273",27.2,0,0,0,26,26,0,0,0,3,0.00676749765976574,1,0.00604827469032914,0.0128157723500949
"274",27.3,2,0,2,26,24,0.0769230769230769,0,0.0769230769230769,1,0.038180058561438,1,0.00604827469032914,0.0442283332517671
"275",27.4,0,0,0,24,24,0,0,0,2,0.00243919399960107,1,0.00604827469032914,0.00848746868993022
"276",27.5,0,0,0,24,24,0,0,0,3,0.00676749765976574,1,0.00604827469032914,0.0128157723500949
"277",27.6,0,0,0,24,24,0,0,0,3,0.00676749765976574,1,0.00604827469032914,0.0128157723500949
"278",27.7,0,0,0,24,24,0,0,0,3,0.00676749765976574,1,0.00604827469032914,0.0128157723500949
"279",27.8,0,0,0,24,24,0,0,0,3,0.00676749765976574,1,0.00604827469032914,0.0128157723500949
"280",27.9,0,0,0,24,24,0,0,0,3,0.00676749765976574,1,0.00604827469032914,0.0128157723500949
"281",28,0,0,0,24,24,0,0,0,3,0.00676749765976574,1,0.00604827469032914,0.0128157723500949
"282",28.1,0,0,0,24,24,0,0,0,3,0.00676749765976574,1,0.00604827469032914,0.0128157723500949
"283",28.2,0,0,0,24,24,0,0,0,3,0.00676749765976574,1,0.00604827469032914,0.0128157723500949
"284",28.3,0,0,0,24,24,0,0,0,3,0.00676749765976574,1,0.00604827469032914,0.0128157723500949
"285",28.4,0,0,0,24,24,0,0,0,3,0.00676749765976574,1,0.00604827469032914,0.0128157723500949
"286",28.5,0,0,0,24,24,0,0,0,3,0.00676749765976574,1,0.00604827469032914,0.0128157723500949
"287",28.6,1,0,1,24,23,0.0416666666666667,0,0.0416666666666667,3,0.00676749765976574,1,0.00604827469032914,0.0128157723500949
"288",28.7,0,0,0,23,23,0,0,0,3,0.00676749765976574,1,0.00604827469032914,0.0128157723500949
"289",28.8,0,0,0,23,23,0,0,0,3,0.00676749765976574,1,0.00604827469032914,0.0128157723500949
"290",28.9,0,0,0,23,23,0,0,0,3,0.00676749765976574,1,0.00604827469032914,0.0128157723500949
"291",29,0,0,0,23,23,0,0,0,3,0.00676749765976574,1,0.00604827469032914,0.0128157723500949
"292",29.1,0,0,0,23,23,0,0,0,3,0.00676749765976574,1,0.00604827469032914,0.0128157723500949
"293",29.2,1,0,1,23,22,0.0434782608695652,0,0.0434782608695652,1,0.038180058561438,1,0.00604827469032914,0.0442283332517671
"294",29.3,2,1,3,22,21,0.0909090909090909,0.0476190476190476,0.138528138528139,1,0.038180058561438,1,0.00604827469032914,0.0442283332517671
"295",29.4,0,0,0,21,21,0,0,0,2,0.00243919399960107,1,0.00604827469032914,0.00848746868993022
"296",29.5,0,0,0,21,21,0,0,0,3,0.00676749765976574,1,0.00604827469032914,0.0128157723500949
"297",29.6,0,0,0,21,21,0,0,0,3,0.00676749765976574,1,0.00604827469032914,0.0128157723500949
"298",29.7,1,0,1,21,20,0.0476190476190476,0,0.0476190476190476,3,0.00676749765976574,1,0.00604827469032914,0.0128157723500949
"299",29.8,0,0,0,20,20,0,0,0,3,0.00676749765976574,1,0.00604827469032914,0.0128157723500949
"300",29.9,0,1,1,20,21,0,0.0476190476190476,0.0476190476190476,3,0.00676749765976574,1,0.00604827469032914,0.0128157723500949
"301",30,0,0,0,21,21,0,0,0,3,0.00676749765976574,1,0.00604827469032914,0.0128157723500949
"302",30.1,0,0,0,21,21,0,0,0,3,0.00676749765976574,1,0.00604827469032914,0.0128157723500949
"303",30.2,1,1,2,21,21,0.0476190476190476,0.0476190476190476,0.0952380952380952,1,0.038180058561438,1,0.00604827469032914,0.0442283332517671
"304",30.3,2,4,6,21,23,0.0952380952380952,0.173913043478261,0.269151138716356,1,0.038180058561438,2,0.0789223031403721,0.11710236170181
"305",30.4,1,0,1,23,22,0.0434782608695652,0,0.0434782608695652,1,0.038180058561438,1,0.00604827469032914,0.0442283332517671
"306",30.5,2,0,2,22,20,0.0909090909090909,0,0.0909090909090909,1,0.038180058561438,1,0.00604827469032914,0.0442283332517671
"307",30.6,0,0,0,20,20,0,0,0,2,0.00243919399960107,1,0.00604827469032914,0.00848746868993022
"308",30.7,0,0,0,20,20,0,0,0,3,0.00676749765976574,1,0.00604827469032914,0.0128157723500949
"309",30.8,0,0,0,20,20,0,0,0,3,0.00676749765976574,1,0.00604827469032914,0.0128157723500949
"310",30.9,0,0,0,20,20,0,0,0,3,0.00676749765976574,1,0.00604827469032914,0.0128157723500949
"311",31,0,0,0,20,20,0,0,0,3,0.00676749765976574,1,0.00604827469032914,0.0128157723500949
"312",31.1,0,0,0,20,20,0,0,0,3,0.00676749765976574,1,0.00604827469032914,0.0128157723500949
"313",31.2,0,0,0,20,20,0,0,0,3,0.00676749765976574,1,0.00604827469032914,0.0128157723500949
"314",31.3,0,0,0,20,20,0,0,0,3,0.00676749765976574,1,0.00604827469032914,0.0128157723500949
"315",31.4,0,0,0,20,20,0,0,0,3,0.00676749765976574,1,0.00604827469032914,0.0128157723500949
"316",31.5,0,0,0,20,20,0,0,0,3,0.00676749765976574,1,0.00604827469032914,0.0128157723500949
"317",31.6,0,0,0,20,20,0,0,0,3,0.00676749765976574,1,0.00604827469032914,0.0128157723500949
"318",31.7,0,0,0,20,20,0,0,0,3,0.00676749765976574,1,0.00604827469032914,0.0128157723500949
"319",31.8,0,0,0,20,20,0,0,0,3,0.00676749765976574,1,0.00604827469032914,0.0128157723500949
"320",31.9,0,1,1,20,21,0,0.0476190476190476,0.0476190476190476,3,0.00676749765976574,1,0.00604827469032914,0.0128157723500949
"321",32,0,0,0,21,21,0,0,0,3,0.00676749765976574,1,0.00604827469032914,0.0128157723500949
"322",32.1,0,1,1,21,22,0,0.0454545454545455,0.0454545454545455,3,0.00676749765976574,1,0.00604827469032914,0.0128157723500949
"323",32.2,1,1,2,22,22,0.0454545454545455,0.0454545454545455,0.0909090909090909,3,0.00676749765976574,1,0.00604827469032914,0.0128157723500949
"324",32.3,0,2,2,22,24,0,0.0833333333333333,0.0833333333333333,3,0.00676749765976574,2,0.0789223031403721,0.0856898008001379
"325",32.4,0,0,0,24,24,0,0,0,3,0.00676749765976574,1,0.00604827469032914,0.0128157723500949
"326",32.5,0,0,0,24,24,0,0,0,3,0.00676749765976574,1,0.00604827469032914,0.0128157723500949
"327",32.6,2,1,3,24,23,0.0833333333333333,0.0434782608695652,0.126811594202899,1,0.038180058561438,1,0.00604827469032914,0.0442283332517671
"328",32.7,0,1,1,23,24,0,0.0416666666666667,0.0416666666666667,2,0.00243919399960107,1,0.00604827469032914,0.00848746868993022
"329",32.8,0,0,0,24,24,0,0,0,3,0.00676749765976574,1,0.00604827469032914,0.0128157723500949
"330",32.9,0,0,0,24,24,0,0,0,3,0.00676749765976574,1,0.00604827469032914,0.0128157723500949
"331",33,0,0,0,24,24,0,0,0,3,0.00676749765976574,1,0.00604827469032914,0.0128157723500949
"332",33.1,2,0,2,24,22,0.0833333333333333,0,0.0833333333333333,1,0.038180058561438,1,0.00604827469032914,0.0442283332517671
"333",33.2,0,0,0,22,22,0,0,0,2,0.00243919399960107,1,0.00604827469032914,0.00848746868993022
"334",33.3,0,0,0,22,22,0,0,0,3,0.00676749765976574,1,0.00604827469032914,0.0128157723500949
"335",33.4,0,0,0,22,22,0,0,0,3,0.00676749765976574,1,0.00604827469032914,0.0128157723500949
"336",33.5,0,0,0,22,22,0,0,0,3,0.00676749765976574,1,0.00604827469032914,0.0128157723500949
"337",33.6,1,0,1,22,21,0.0454545454545455,0,0.0454545454545455,3,0.00676749765976574,1,0.00604827469032914,0.0128157723500949
"338",33.7,0,0,0,21,21,0,0,0,3,0.00676749765976574,1,0.00604827469032914,0.0128157723500949
"339",33.8,0,0,0,21,21,0,0,0,3,0.00676749765976574,1,0.00604827469032914,0.0128157723500949
"340",33.9,2,8,10,21,27,0.0952380952380952,0.296296296296296,0.391534391534392,1,0.038180058561438,2,0.0789223031403721,0.11710236170181
"341",34,0,3,3,27,30,0,0.1,0.1,2,0.00243919399960107,2,0.0789223031403721,0.0813614971399732
"342",34.1,0,0,0,30,30,0,0,0,3,0.00676749765976574,1,0.00604827469032914,0.0128157723500949
"343",34.2,0,0,0,30,30,0,0,0,3,0.00676749765976574,1,0.00604827469032914,0.0128157723500949
"344",34.3,0,1,1,30,31,0,0.032258064516129,0.032258064516129,3,0.00676749765976574,1,0.00604827469032914,0.0128157723500949
"345",34.4,0,0,0,31,31,0,0,0,3,0.00676749765976574,1,0.00604827469032914,0.0128157723500949
"346",34.5,0,0,0,31,31,0,0,0,3,0.00676749765976574,1,0.00604827469032914,0.0128157723500949
"347",34.6,0,0,0,31,31,0,0,0,3,0.00676749765976574,1,0.00604827469032914,0.0128157723500949
"348",34.7,0,4,4,31,35,0,0.114285714285714,0.114285714285714,3,0.00676749765976574,2,0.0789223031403721,0.0856898008001379
"349",34.8,4,1,5,35,32,0.114285714285714,0.03125,0.145535714285714,1,0.038180058561438,1,0.00604827469032914,0.0442283332517671
"350",34.9,0,0,0,32,32,0,0,0,2,0.00243919399960107,1,0.00604827469032914,0.00848746868993022
"351",35,0,0,0,32,32,0,0,0,3,0.00676749765976574,1,0.00604827469032914,0.0128157723500949
"352",35.1,0,0,0,32,32,0,0,0,3,0.00676749765976574,1,0.00604827469032914,0.0128157723500949
"353",35.2,0,0,0,32,32,0,0,0,3,0.00676749765976574,1,0.00604827469032914,0.0128157723500949
"354",35.3,0,0,0,32,32,0,0,0,3,0.00676749765976574,1,0.00604827469032914,0.0128157723500949
"355",35.4,0,0,0,32,32,0,0,0,3,0.00676749765976574,1,0.00604827469032914,0.0128157723500949
"356",35.5,0,0,0,32,32,0,0,0,3,0.00676749765976574,1,0.00604827469032914,0.0128157723500949
"357",35.6,0,0,0,32,32,0,0,0,3,0.00676749765976574,1,0.00604827469032914,0.0128157723500949
"358",35.7,0,1,1,32,33,0,0.0303030303030303,0.0303030303030303,3,0.00676749765976574,1,0.00604827469032914,0.0128157723500949
"359",35.8,0,0,0,33,33,0,0,0,3,0.00676749765976574,1,0.00604827469032914,0.0128157723500949
"360",35.9,1,2,3,33,34,0.0303030303030303,0.0588235294117647,0.089126559714795,3,0.00676749765976574,1,0.00604827469032914,0.0128157723500949
"361",36,0,0,0,34,34,0,0,0,3,0.00676749765976574,1,0.00604827469032914,0.0128157723500949
"362",36.1,0,1,1,34,35,0,0.0285714285714286,0.0285714285714286,3,0.00676749765976574,1,0.00604827469032914,0.0128157723500949
"363",36.2,0,0,0,35,35,0,0,0,3,0.00676749765976574,1,0.00604827469032914,0.0128157723500949
"364",36.3,0,0,0,35,35,0,0,0,3,0.00676749765976574,1,0.00604827469032914,0.0128157723500949
"365",36.4,0,1,1,35,36,0,0.0277777777777778,0.0277777777777778,3,0.00676749765976574,1,0.00604827469032914,0.0128157723500949
"366",36.5,1,0,1,36,35,0.0277777777777778,0,0.0277777777777778,3,0.00676749765976574,1,0.00604827469032914,0.0128157723500949
"367",36.6,0,1,1,35,36,0,0.0277777777777778,0.0277777777777778,3,0.00676749765976574,1,0.00604827469032914,0.0128157723500949
"368",36.7,0,0,0,36,36,0,0,0,3,0.00676749765976574,1,0.00604827469032914,0.0128157723500949
"369",36.8,0,0,0,36,36,0,0,0,3,0.00676749765976574,1,0.00604827469032914,0.0128157723500949
"370",36.9,0,0,0,36,36,0,0,0,3,0.00676749765976574,1,0.00604827469032914,0.0128157723500949
"371",37,0,0,0,36,36,0,0,0,3,0.00676749765976574,1,0.00604827469032914,0.0128157723500949
"372",37.1,0,0,0,36,36,0,0,0,3,0.00676749765976574,1,0.00604827469032914,0.0128157723500949
"373",37.2,0,1,1,36,37,0,0.027027027027027,0.027027027027027,3,0.00676749765976574,1,0.00604827469032914,0.0128157723500949
"374",37.3,2,2,4,37,37,0.0540540540540541,0.0540540540540541,0.108108108108108,1,0.038180058561438,1,0.00604827469032914,0.0442283332517671
"375",37.4,0,0,0,37,37,0,0,0,2,0.00243919399960107,1,0.00604827469032914,0.00848746868993022
"376",37.5,1,0,1,37,36,0.027027027027027,0,0.027027027027027,3,0.00676749765976574,1,0.00604827469032914,0.0128157723500949
"377",37.6,0,0,0,36,36,0,0,0,3,0.00676749765976574,1,0.00604827469032914,0.0128157723500949
"378",37.7,0,0,0,36,36,0,0,0,3,0.00676749765976574,1,0.00604827469032914,0.0128157723500949
"379",37.8,0,0,0,36,36,0,0,0,3,0.00676749765976574,1,0.00604827469032914,0.0128157723500949
"380",37.9,1,0,1,36,35,0.0277777777777778,0,0.0277777777777778,3,0.00676749765976574,1,0.00604827469032914,0.0128157723500949
"381",38,1,3,4,35,37,0.0285714285714286,0.0810810810810811,0.10965250965251,3,0.00676749765976574,2,0.0789223031403721,0.0856898008001379
"382",38.1,0,1,1,37,38,0,0.0263157894736842,0.0263157894736842,3,0.00676749765976574,1,0.00604827469032914,0.0128157723500949
"383",38.2,0,1,1,38,39,0,0.0256410256410256,0.0256410256410256,3,0.00676749765976574,1,0.00604827469032914,0.0128157723500949
"384",38.3,0,0,0,39,39,0,0,0,3,0.00676749765976574,1,0.00604827469032914,0.0128157723500949
"385",38.4,0,0,0,39,39,0,0,0,3,0.00676749765976574,1,0.00604827469032914,0.0128157723500949
"386",38.5,1,0,1,39,38,0.0256410256410256,0,0.0256410256410256,3,0.00676749765976574,1,0.00604827469032914,0.0128157723500949
"387",38.6,0,0,0,38,38,0,0,0,3,0.00676749765976574,1,0.00604827469032914,0.0128157723500949
"388",38.7,0,0,0,38,38,0,0,0,3,0.00676749765976574,1,0.00604827469032914,0.0128157723500949
"389",38.8,0,1,1,38,39,0,0.0256410256410256,0.0256410256410256,3,0.00676749765976574,1,0.00604827469032914,0.0128157723500949
"390",38.9,0,0,0,39,39,0,0,0,3,0.00676749765976574,1,0.00604827469032914,0.0128157723500949
"391",39,1,0,1,39,38,0.0256410256410256,0,0.0256410256410256,3,0.00676749765976574,1,0.00604827469032914,0.0128157723500949
"392",39.1,1,0,1,38,37,0.0263157894736842,0,0.0263157894736842,3,0.00676749765976574,1,0.00604827469032914,0.0128157723500949
"393",39.2,0,0,0,37,37,0,0,0,3,0.00676749765976574,1,0.00604827469032914,0.0128157723500949
"394",39.3,0,1,1,37,38,0,0.0263157894736842,0.0263157894736842,3,0.00676749765976574,1,0.00604827469032914,0.0128157723500949
"395",39.4,1,0,1,38,37,0.0263157894736842,0,0.0263157894736842,3,0.00676749765976574,1,0.00604827469032914,0.0128157723500949
"396",39.5,0,0,0,37,37,0,0,0,3,0.00676749765976574,1,0.00604827469032914,0.0128157723500949
"397",39.6,0,0,0,37,37,0,0,0,3,0.00676749765976574,1,0.00604827469032914,0.0128157723500949
"398",39.7,0,0,0,37,37,0,0,0,3,0.00676749765976574,1,0.00604827469032914,0.0128157723500949
"399",39.8,0,1,1,37,38,0,0.0263157894736842,0.0263157894736842,3,0.00676749765976574,1,0.00604827469032914,0.0128157723500949
"400",39.9,0,0,0,38,38,0,0,0,3,0.00676749765976574,1,0.00604827469032914,0.0128157723500949
"401",40,1,3,4,38,40,0.0263157894736842,0.075,0.101315789473684,3,0.00676749765976574,2,0.0789223031403721,0.0856898008001379
"402",40.1,0,1,1,40,41,0,0.024390243902439,0.024390243902439,3,0.00676749765976574,1,0.00604827469032914,0.0128157723500949
"403",40.2,1,1,2,41,41,0.024390243902439,0.024390243902439,0.0487804878048781,3,0.00676749765976574,1,0.00604827469032914,0.0128157723500949
"404",40.3,0,0,0,41,41,0,0,0,3,0.00676749765976574,1,0.00604827469032914,0.0128157723500949
"405",40.4,0,3,3,41,44,0,0.0681818181818182,0.0681818181818182,3,0.00676749765976574,2,0.0789223031403721,0.0856898008001379
"406",40.5,0,0,0,44,44,0,0,0,3,0.00676749765976574,1,0.00604827469032914,0.0128157723500949
"407",40.6,0,0,0,44,44,0,0,0,3,0.00676749765976574,1,0.00604827469032914,0.0128157723500949
"408",40.7,0,0,0,44,44,0,0,0,3,0.00676749765976574,1,0.00604827469032914,0.0128157723500949
"409",40.8,1,0,1,44,43,0.0227272727272727,0,0.0227272727272727,3,0.00676749765976574,1,0.00604827469032914,0.0128157723500949
"410",40.9,0,0,0,43,43,0,0,0,3,0.00676749765976574,1,0.00604827469032914,0.0128157723500949
"411",41,0,0,0,43,43,0,0,0,3,0.00676749765976574,1,0.00604827469032914,0.0128157723500949
"412",41.1,1,1,2,43,43,0.0232558139534884,0.0232558139534884,0.0465116279069767,3,0.00676749765976574,1,0.00604827469032914,0.0128157723500949
"413",41.2,0,0,0,43,43,0,0,0,3,0.00676749765976574,1,0.00604827469032914,0.0128157723500949
"414",41.3,1,0,1,43,42,0.0232558139534884,0,0.0232558139534884,3,0.00676749765976574,1,0.00604827469032914,0.0128157723500949
"415",41.4,1,0,1,42,41,0.0238095238095238,0,0.0238095238095238,3,0.00676749765976574,1,0.00604827469032914,0.0128157723500949
"416",41.5,0,0,0,41,41,0,0,0,3,0.00676749765976574,1,0.00604827469032914,0.0128157723500949
"417",41.6,0,0,0,41,41,0,0,0,3,0.00676749765976574,1,0.00604827469032914,0.0128157723500949
"418",41.7,0,0,0,41,41,0,0,0,3,0.00676749765976574,1,0.00604827469032914,0.0128157723500949
"419",41.8,0,0,0,41,41,0,0,0,3,0.00676749765976574,1,0.00604827469032914,0.0128157723500949
"420",41.9,0,3,3,41,44,0,0.0681818181818182,0.0681818181818182,3,0.00676749765976574,2,0.0789223031403721,0.0856898008001379
"421",42,2,1,3,44,43,0.0454545454545455,0.0232558139534884,0.0687103594080338,1,0.038180058561438,1,0.00604827469032914,0.0442283332517671
"422",42.1,0,0,0,43,43,0,0,0,2,0.00243919399960107,1,0.00604827469032914,0.00848746868993022
"423",42.2,0,0,0,43,43,0,0,0,2,0.00243919399960107,1,0.00604827469032914,0.00848746868993022
"424",42.3,0,1,1,43,44,0,0.0227272727272727,0.0227272727272727,3,0.00676749765976574,1,0.00604827469032914,0.0128157723500949
"425",42.4,2,1,3,44,43,0.0454545454545455,0.0232558139534884,0.0687103594080338,1,0.038180058561438,1,0.00604827469032914,0.0442283332517671
"426",42.5,0,0,0,43,43,0,0,0,2,0.00243919399960107,1,0.00604827469032914,0.00848746868993022
"427",42.6,1,1,2,43,43,0.0232558139534884,0.0232558139534884,0.0465116279069767,3,0.00676749765976574,1,0.00604827469032914,0.0128157723500949
"428",42.7,0,1,1,43,44,0,0.0227272727272727,0.0227272727272727,3,0.00676749765976574,1,0.00604827469032914,0.0128157723500949
"429",42.8,1,0,1,44,43,0.0227272727272727,0,0.0227272727272727,3,0.00676749765976574,1,0.00604827469032914,0.0128157723500949
"430",42.9,0,0,0,43,43,0,0,0,3,0.00676749765976574,1,0.00604827469032914,0.0128157723500949
"431",43,1,0,1,43,42,0.0232558139534884,0,0.0232558139534884,3,0.00676749765976574,1,0.00604827469032914,0.0128157723500949
"432",43.1,0,0,0,42,42,0,0,0,3,0.00676749765976574,1,0.00604827469032914,0.0128157723500949
"433",43.2,0,2,2,42,44,0,0.0454545454545455,0.0454545454545455,3,0.00676749765976574,1,0.00604827469032914,0.0128157723500949
"434",43.3,3,0,3,44,41,0.0681818181818182,0,0.0681818181818182,1,0.038180058561438,1,0.00604827469032914,0.0442283332517671
"435",43.4,1,0,1,41,40,0.024390243902439,0,0.024390243902439,1,0.038180058561438,1,0.00604827469032914,0.0442283332517671
"436",43.5,4,4,8,40,40,0.1,0.1,0.2,1,0.038180058561438,2,0.0789223031403721,0.11710236170181
"437",43.6,0,0,0,40,40,0,0,0,2,0.00243919399960107,1,0.00604827469032914,0.00848746868993022
"438",43.7,1,1,2,40,40,0.025,0.025,0.05,3,0.00676749765976574,1,0.00604827469032914,0.0128157723500949
"439",43.8,1,0,1,40,39,0.025,0,0.025,3,0.00676749765976574,1,0.00604827469032914,0.0128157723500949
"440",43.9,1,0,1,39,38,0.0256410256410256,0,0.0256410256410256,3,0.00676749765976574,1,0.00604827469032914,0.0128157723500949
"441",44,1,0,1,38,37,0.0263157894736842,0,0.0263157894736842,3,0.00676749765976574,1,0.00604827469032914,0.0128157723500949
"442",44.1,1,0,1,37,36,0.027027027027027,0,0.027027027027027,3,0.00676749765976574,1,0.00604827469032914,0.0128157723500949
"443",44.2,0,0,0,36,36,0,0,0,3,0.00676749765976574,1,0.00604827469032914,0.0128157723500949
"444",44.3,0,0,0,36,36,0,0,0,3,0.00676749765976574,1,0.00604827469032914,0.0128157723500949
"445",44.4,1,0,1,36,35,0.0277777777777778,0,0.0277777777777778,3,0.00676749765976574,1,0.00604827469032914,0.0128157723500949
"446",44.5,0,0,0,35,35,0,0,0,3,0.00676749765976574,1,0.00604827469032914,0.0128157723500949
"447",44.6,2,1,3,35,34,0.0571428571428571,0.0294117647058824,0.0865546218487395,1,0.038180058561438,1,0.00604827469032914,0.0442283332517671
"448",44.7,1,0,1,34,33,0.0294117647058824,0,0.0294117647058824,1,0.038180058561438,1,0.00604827469032914,0.0442283332517671
"449",44.8,0,1,1,33,34,0,0.0294117647058824,0.0294117647058824,2,0.00243919399960107,1,0.00604827469032914,0.00848746868993022
"450",44.9,0,0,0,34,34,0,0,0,3,0.00676749765976574,1,0.00604827469032914,0.0128157723500949
"451",45,0,0,0,34,34,0,0,0,3,0.00676749765976574,1,0.00604827469032914,0.0128157723500949
"452",45.1,2,1,3,34,33,0.0588235294117647,0.0303030303030303,0.089126559714795,1,0.038180058561438,1,0.00604827469032914,0.0442283332517671
"453",45.2,0,0,0,33,33,0,0,0,2,0.00243919399960107,1,0.00604827469032914,0.00848746868993022
"454",45.3,0,0,0,33,33,0,0,0,3,0.00676749765976574,1,0.00604827469032914,0.0128157723500949
"455",45.4,0,0,0,33,33,0,0,0,3,0.00676749765976574,1,0.00604827469032914,0.0128157723500949
"456",45.5,1,0,1,33,32,0.0303030303030303,0,0.0303030303030303,3,0.00676749765976574,1,0.00604827469032914,0.0128157723500949
"457",45.6,0,0,0,32,32,0,0,0,3,0.00676749765976574,1,0.00604827469032914,0.0128157723500949
"458",45.7,1,0,1,32,31,0.03125,0,0.03125,3,0.00676749765976574,1,0.00604827469032914,0.0128157723500949
"459",45.8,0,0,0,31,31,0,0,0,3,0.00676749765976574,1,0.00604827469032914,0.0128157723500949
"460",45.9,0,0,0,31,31,0,0,0,3,0.00676749765976574,1,0.00604827469032914,0.0128157723500949
"461",46,0,0,0,31,31,0,0,0,3,0.00676749765976574,1,0.00604827469032914,0.0128157723500949
"462",46.1,0,0,0,31,31,0,0,0,3,0.00676749765976574,1,0.00604827469032914,0.0128157723500949
"463",46.2,0,0,0,31,31,0,0,0,3,0.00676749765976574,1,0.00604827469032914,0.0128157723500949
"464",46.3,0,0,0,31,31,0,0,0,3,0.00676749765976574,1,0.00604827469032914,0.0128157723500949
"465",46.4,0,0,0,31,31,0,0,0,3,0.00676749765976574,1,0.00604827469032914,0.0128157723500949
"466",46.5,2,0,2,31,29,0.0645161290322581,0,0.0645161290322581,1,0.038180058561438,1,0.00604827469032914,0.0442283332517671
"467",46.6,1,0,1,29,28,0.0344827586206897,0,0.0344827586206897,1,0.038180058561438,1,0.00604827469032914,0.0442283332517671
"468",46.7,0,0,0,28,28,0,0,0,2,0.00243919399960107,1,0.00604827469032914,0.00848746868993022
"469",46.8,0,0,0,28,28,0,0,0,3,0.00676749765976574,1,0.00604827469032914,0.0128157723500949
"470",46.9,2,1,3,28,27,0.0714285714285714,0.037037037037037,0.108465608465608,1,0.038180058561438,1,0.00604827469032914,0.0442283332517671
"471",47,0,0,0,27,27,0,0,0,2,0.00243919399960107,1,0.00604827469032914,0.00848746868993022
"472",47.1,0,0,0,27,27,0,0,0,3,0.00676749765976574,1,0.00604827469032914,0.0128157723500949
"473",47.2,0,0,0,27,27,0,0,0,3,0.00676749765976574,1,0.00604827469032914,0.0128157723500949
"474",47.3,0,0,0,27,27,0,0,0,3,0.00676749765976574,1,0.00604827469032914,0.0128157723500949
"475",47.4,1,0,1,27,26,0.037037037037037,0,0.037037037037037,3,0.00676749765976574,1,0.00604827469032914,0.0128157723500949
"476",47.5,0,0,0,26,26,0,0,0,3,0.00676749765976574,1,0.00604827469032914,0.0128157723500949
"477",47.6,0,0,0,26,26,0,0,0,3,0.00676749765976574,1,0.00604827469032914,0.0128157723500949
"478",47.7,1,0,1,26,25,0.0384615384615385,0,0.0384615384615385,3,0.00676749765976574,1,0.00604827469032914,0.0128157723500949
"479",47.8,0,0,0,25,25,0,0,0,3,0.00676749765976574,1,0.00604827469032914,0.0128157723500949
"480",47.9,0,0,0,25,25,0,0,0,3,0.00676749765976574,1,0.00604827469032914,0.0128157723500949
"481",48,0,1,1,25,26,0,0.0384615384615385,0.0384615384615385,3,0.00676749765976574,1,0.00604827469032914,0.0128157723500949
"482",48.1,0,0,0,26,26,0,0,0,3,0.00676749765976574,1,0.00604827469032914,0.0128157723500949
"483",48.2,0,0,0,26,26,0,0,0,3,0.00676749765976574,1,0.00604827469032914,0.0128157723500949
"484",48.3,1,1,2,26,26,0.0384615384615385,0.0384615384615385,0.0769230769230769,3,0.00676749765976574,1,0.00604827469032914,0.0128157723500949
"485",48.4,0,0,0,26,26,0,0,0,3,0.00676749765976574,1,0.00604827469032914,0.0128157723500949
"486",48.5,0,0,0,26,26,0,0,0,3,0.00676749765976574,1,0.00604827469032914,0.0128157723500949
"487",48.6,1,0,1,26,25,0.0384615384615385,0,0.0384615384615385,3,0.00676749765976574,1,0.00604827469032914,0.0128157723500949
"488",48.7,0,0,0,25,25,0,0,0,3,0.00676749765976574,1,0.00604827469032914,0.0128157723500949
"489",48.8,0,0,0,25,25,0,0,0,3,0.00676749765976574,1,0.00604827469032914,0.0128157723500949
"490",48.9,0,0,0,25,25,0,0,0,3,0.00676749765976574,1,0.00604827469032914,0.0128157723500949
"491",49,0,0,0,25,25,0,0,0,3,0.00676749765976574,1,0.00604827469032914,0.0128157723500949
"492",49.1,3,0,3,25,22,0.12,0,0.12,1,0.038180058561438,1,0.00604827469032914,0.0442283332517671
"493",49.2,0,0,0,22,22,0,0,0,2,0.00243919399960107,1,0.00604827469032914,0.00848746868993022
"494",49.3,0,0,0,22,22,0,0,0,3,0.00676749765976574,1,0.00604827469032914,0.0128157723500949
"495",49.4,0,0,0,22,22,0,0,0,3,0.00676749765976574,1,0.00604827469032914,0.0128157723500949
"496",49.5,0,0,0,22,22,0,0,0,3,0.00676749765976574,1,0.00604827469032914,0.0128157723500949
"497",49.6,0,0,0,22,22,0,0,0,3,0.00676749765976574,1,0.00604827469032914,0.0128157723500949
"498",49.7,0,0,0,22,22,0,0,0,3,0.00676749765976574,1,0.00604827469032914,0.0128157723500949
"499",49.8,0,0,0,22,22,0,0,0,3,0.00676749765976574,1,0.00604827469032914,0.0128157723500949
"500",49.9,0,0,0,22,22,0,0,0,3,0.00676749765976574,1,0.00604827469032914,0.0128157723500949
"501",50,0,0,0,22,22,0,0,0,3,0.00676749765976574,1,0.00604827469032914,0.0128157723500949
"502",50.1,0,0,0,22,22,0,0,0,3,0.00676749765976574,1,0.00604827469032914,0.0128157723500949
"503",50.2,0,2,2,22,24,0,0.0833333333333333,0.0833333333333333,3,0.00676749765976574,2,0.0789223031403721,0.0856898008001379
"504",50.3,0,0,0,24,24,0,0,0,3,0.00676749765976574,1,0.00604827469032914,0.0128157723500949
"505",50.4,0,0,0,24,24,0,0,0,3,0.00676749765976574,1,0.00604827469032914,0.0128157723500949
"506",50.5,0,0,0,24,24,0,0,0,3,0.00676749765976574,1,0.00604827469032914,0.0128157723500949
"507",50.6,0,0,0,24,24,0,0,0,3,0.00676749765976574,1,0.00604827469032914,0.0128157723500949
"508",50.7,1,3,4,24,26,0.0416666666666667,0.115384615384615,0.157051282051282,3,0.00676749765976574,2,0.0789223031403721,0.0856898008001379
"509",50.8,0,2,2,26,28,0,0.0714285714285714,0.0714285714285714,3,0.00676749765976574,2,0.0789223031403721,0.0856898008001379
"510",50.9,0,0,0,28,28,0,0,0,3,0.00676749765976574,1,0.00604827469032914,0.0128157723500949
"511",51,0,0,0,28,28,0,0,0,3,0.00676749765976574,1,0.00604827469032914,0.0128157723500949
"512",51.1,0,0,0,28,28,0,0,0,3,0.00676749765976574,1,0.00604827469032914,0.0128157723500949
"513",51.2,0,0,0,28,28,0,0,0,3,0.00676749765976574,1,0.00604827469032914,0.0128157723500949
"514",51.3,0,0,0,28,28,0,0,0,3,0.00676749765976574,1,0.00604827469032914,0.0128157723500949
"515",51.4,0,0,0,28,28,0,0,0,3,0.00676749765976574,1,0.00604827469032914,0.0128157723500949
"516",51.5,1,0,1,28,27,0.0357142857142857,0,0.0357142857142857,3,0.00676749765976574,1,0.00604827469032914,0.0128157723500949
"517",51.6,0,0,0,27,27,0,0,0,3,0.00676749765976574,1,0.00604827469032914,0.0128157723500949
"518",51.7,1,1,2,27,27,0.037037037037037,0.037037037037037,0.0740740740740741,3,0.00676749765976574,1,0.00604827469032914,0.0128157723500949
"519",51.8,0,0,0,27,27,0,0,0,3,0.00676749765976574,1,0.00604827469032914,0.0128157723500949
"520",51.9,0,0,0,27,27,0,0,0,3,0.00676749765976574,1,0.00604827469032914,0.0128157723500949
"521",52,0,0,0,27,27,0,0,0,3,0.00676749765976574,1,0.00604827469032914,0.0128157723500949
"522",52.1,0,0,0,27,27,0,0,0,3,0.00676749765976574,1,0.00604827469032914,0.0128157723500949
"523",52.2,0,0,0,27,27,0,0,0,3,0.00676749765976574,1,0.00604827469032914,0.0128157723500949
"524",52.3,0,0,0,27,27,0,0,0,3,0.00676749765976574,1,0.00604827469032914,0.0128157723500949
"525",52.4,0,0,0,27,27,0,0,0,3,0.00676749765976574,1,0.00604827469032914,0.0128157723500949
"526",52.5,0,0,0,27,27,0,0,0,3,0.00676749765976574,1,0.00604827469032914,0.0128157723500949
"527",52.6,0,0,0,27,27,0,0,0,3,0.00676749765976574,1,0.00604827469032914,0.0128157723500949
"528",52.7,0,0,0,27,27,0,0,0,3,0.00676749765976574,1,0.00604827469032914,0.0128157723500949
"529",52.8,1,0,1,27,26,0.037037037037037,0,0.037037037037037,3,0.00676749765976574,1,0.00604827469032914,0.0128157723500949
"530",52.9,0,0,0,26,26,0,0,0,3,0.00676749765976574,1,0.00604827469032914,0.0128157723500949
"531",53,0,1,1,26,27,0,0.037037037037037,0.037037037037037,3,0.00676749765976574,1,0.00604827469032914,0.0128157723500949
"532",53.1,0,0,0,27,27,0,0,0,3,0.00676749765976574,1,0.00604827469032914,0.0128157723500949
"533",53.2,1,0,1,27,26,0.037037037037037,0,0.037037037037037,3,0.00676749765976574,1,0.00604827469032914,0.0128157723500949
"534",53.3,0,0,0,26,26,0,0,0,3,0.00676749765976574,1,0.00604827469032914,0.0128157723500949
"535",53.4,0,0,0,26,26,0,0,0,3,0.00676749765976574,1,0.00604827469032914,0.0128157723500949
"536",53.5,0,0,0,26,26,0,0,0,3,0.00676749765976574,1,0.00604827469032914,0.0128157723500949
"537",53.6,0,0,0,26,26,0,0,0,3,0.00676749765976574,1,0.00604827469032914,0.0128157723500949
"538",53.7,0,0,0,26,26,0,0,0,3,0.00676749765976574,1,0.00604827469032914,0.0128157723500949
"539",53.8,1,0,1,26,25,0.0384615384615385,0,0.0384615384615385,3,0.00676749765976574,1,0.00604827469032914,0.0128157723500949
"540",53.9,0,0,0,25,25,0,0,0,3,0.00676749765976574,1,0.00604827469032914,0.0128157723500949
"541",54,0,0,0,25,25,0,0,0,3,0.00676749765976574,1,0.00604827469032914,0.0128157723500949
"542",54.1,1,0,1,25,24,0.04,0,0.04,3,0.00676749765976574,1,0.00604827469032914,0.0128157723500949
"543",54.2,0,0,0,24,24,0,0,0,3,0.00676749765976574,1,0.00604827469032914,0.0128157723500949
"544",54.3,0,0,0,24,24,0,0,0,3,0.00676749765976574,1,0.00604827469032914,0.0128157723500949
"545",54.4,0,0,0,24,24,0,0,0,3,0.00676749765976574,1,0.00604827469032914,0.0128157723500949
"546",54.5,0,0,0,24,24,0,0,0,3,0.00676749765976574,1,0.00604827469032914,0.0128157723500949
"547",54.6,1,1,2,24,24,0.0416666666666667,0.0416666666666667,0.0833333333333333,1,0.038180058561438,1,0.00604827469032914,0.0442283332517671
"548",54.7,1,0,1,24,23,0.0416666666666667,0,0.0416666666666667,1,0.038180058561438,1,0.00604827469032914,0.0442283332517671
"549",54.8,0,1,1,23,24,0,0.0416666666666667,0.0416666666666667,2,0.00243919399960107,1,0.00604827469032914,0.00848746868993022
"550",54.9,0,0,0,24,24,0,0,0,3,0.00676749765976574,1,0.00604827469032914,0.0128157723500949
"551",55,1,0,1,24,23,0.0416666666666667,0,0.0416666666666667,3,0.00676749765976574,1,0.00604827469032914,0.0128157723500949
"552",55.1,0,0,0,23,23,0,0,0,3,0.00676749765976574,1,0.00604827469032914,0.0128157723500949
"553",55.2,3,5,8,23,25,0.130434782608696,0.2,0.330434782608696,1,0.038180058561438,2,0.0789223031403721,0.11710236170181
"554",55.3,1,0,1,25,24,0.04,0,0.04,1,0.038180058561438,1,0.00604827469032914,0.0442283332517671
"555",55.4,0,0,0,24,24,0,0,0,2,0.00243919399960107,1,0.00604827469032914,0.00848746868993022
"556",55.5,0,0,0,24,24,0,0,0,3,0.00676749765976574,1,0.00604827469032914,0.0128157723500949
"557",55.6,0,0,0,24,24,0,0,0,3,0.00676749765976574,1,0.00604827469032914,0.0128157723500949
"558",55.7,1,3,4,24,26,0.0416666666666667,0.115384615384615,0.157051282051282,1,0.038180058561438,2,0.0789223031403721,0.11710236170181
"559",55.8,2,0,2,26,24,0.0769230769230769,0,0.0769230769230769,1,0.038180058561438,1,0.00604827469032914,0.0442283332517671
"560",55.9,1,0,1,24,23,0.0416666666666667,0,0.0416666666666667,1,0.038180058561438,1,0.00604827469032914,0.0442283332517671
"561",56,3,0,3,23,20,0.130434782608696,0,0.130434782608696,1,0.038180058561438,1,0.00604827469032914,0.0442283332517671
"562",56.1,0,0,0,20,20,0,0,0,2,0.00243919399960107,1,0.00604827469032914,0.00848746868993022
"563",56.2,1,0,1,20,19,0.05,0,0.05,3,0.00676749765976574,1,0.00604827469032914,0.0128157723500949
"564",56.3,0,0,0,19,19,0,0,0,3,0.00676749765976574,1,0.00604827469032914,0.0128157723500949
"565",56.4,0,0,0,19,19,0,0,0,3,0.00676749765976574,1,0.00604827469032914,0.0128157723500949
"566",56.5,1,0,1,19,18,0.0526315789473684,0,0.0526315789473684,3,0.00676749765976574,1,0.00604827469032914,0.0128157723500949
"567",56.6,0,0,0,18,18,0,0,0,3,0.00676749765976574,1,0.00604827469032914,0.0128157723500949
"568",56.7,0,0,0,18,18,0,0,0,3,0.00676749765976574,1,0.00604827469032914,0.0128157723500949
"569",56.8,0,0,0,18,18,0,0,0,3,0.00676749765976574,1,0.00604827469032914,0.0128157723500949
"570",56.9,0,0,0,18,18,0,0,0,3,0.00676749765976574,1,0.00604827469032914,0.0128157723500949
"571",57,1,0,1,18,17,0.0555555555555556,0,0.0555555555555556,1,0.038180058561438,1,0.00604827469032914,0.0442283332517671
"572",57.1,1,1,2,17,17,0.0588235294117647,0.0588235294117647,0.117647058823529,1,0.038180058561438,1,0.00604827469032914,0.0442283332517671
"573",57.2,0,0,0,17,17,0,0,0,2,0.00243919399960107,1,0.00604827469032914,0.00848746868993022
"574",57.3,0,0,0,17,17,0,0,0,3,0.00676749765976574,1,0.00604827469032914,0.0128157723500949
"575",57.4,1,0,1,17,16,0.0588235294117647,0,0.0588235294117647,3,0.00676749765976574,1,0.00604827469032914,0.0128157723500949
"576",57.5,0,0,0,16,16,0,0,0,3,0.00676749765976574,1,0.00604827469032914,0.0128157723500949
"577",57.6,2,2,4,16,16,0.125,0.125,0.25,1,0.038180058561438,2,0.0789223031403721,0.11710236170181
"578",57.7,0,0,0,16,16,0,0,0,2,0.00243919399960107,1,0.00604827469032914,0.00848746868993022
"579",57.8,0,1,1,16,17,0,0.0588235294117647,0.0588235294117647,3,0.00676749765976574,1,0.00604827469032914,0.0128157723500949
"580",57.9,0,0,0,17,17,0,0,0,3,0.00676749765976574,1,0.00604827469032914,0.0128157723500949
"581",58,0,0,0,17,17,0,0,0,3,0.00676749765976574,1,0.00604827469032914,0.0128157723500949
"582",58.1,0,0,0,17,17,0,0,0,3,0.00676749765976574,1,0.00604827469032914,0.0128157723500949
"583",58.2,0,0,0,17,17,0,0,0,3,0.00676749765976574,1,0.00604827469032914,0.0128157723500949
"584",58.3,0,0,0,17,17,0,0,0,3,0.00676749765976574,1,0.00604827469032914,0.0128157723500949
"585",58.4,0,0,0,17,17,0,0,0,3,0.00676749765976574,1,0.00604827469032914,0.0128157723500949
"586",58.5,0,0,0,17,17,0,0,0,3,0.00676749765976574,1,0.00604827469032914,0.0128157723500949
"587",58.6,0,0,0,17,17,0,0,0,3,0.00676749765976574,1,0.00604827469032914,0.0128157723500949
"588",58.7,0,0,0,17,17,0,0,0,3,0.00676749765976574,1,0.00604827469032914,0.0128157723500949
"589",58.8,0,0,0,17,17,0,0,0,3,0.00676749765976574,1,0.00604827469032914,0.0128157723500949
"590",58.9,0,0,0,17,17,0,0,0,3,0.00676749765976574,1,0.00604827469032914,0.0128157723500949
"591",59,0,0,0,17,17,0,0,0,3,0.00676749765976574,1,0.00604827469032914,0.0128157723500949
"592",59.1,0,0,0,17,17,0,0,0,3,0.00676749765976574,1,0.00604827469032914,0.0128157723500949
"593",59.2,0,0,0,17,17,0,0,0,3,0.00676749765976574,1,0.00604827469032914,0.0128157723500949
"594",59.3,2,1,3,17,16,0.117647058823529,0.0625,0.180147058823529,1,0.038180058561438,1,0.00604827469032914,0.0442283332517671
"595",59.4,0,0,0,16,16,0,0,0,2,0.00243919399960107,1,0.00604827469032914,0.00848746868993022
"596",59.5,0,0,0,16,16,0,0,0,3,0.00676749765976574,1,0.00604827469032914,0.0128157723500949
"597",59.6,0,0,0,16,16,0,0,0,3,0.00676749765976574,1,0.00604827469032914,0.0128157723500949
"598",59.7,0,0,0,16,16,0,0,0,3,0.00676749765976574,1,0.00604827469032914,0.0128157723500949
"599",59.8,0,0,0,16,16,0,0,0,3,0.00676749765976574,1,0.00604827469032914,0.0128157723500949
"600",59.9,0,0,0,16,16,0,0,0,3,0.00676749765976574,1,0.00604827469032914,0.0128157723500949
"601",60,2,1,3,16,15,0.125,0.0666666666666667,0.191666666666667,1,0.038180058561438,1,0.00604827469032914,0.0442283332517671
"602",60.1,1,0,1,15,14,0.0666666666666667,0,0.0666666666666667,1,0.038180058561438,1,0.00604827469032914,0.0442283332517671
"603",60.2,0,0,0,14,14,0,0,0,2,0.00243919399960107,1,0.00604827469032914,0.00848746868993022
"604",60.3,0,0,0,14,14,0,0,0,3,0.00676749765976574,1,0.00604827469032914,0.0128157723500949
"605",60.4,0,0,0,14,14,0,0,0,3,0.00676749765976574,1,0.00604827469032914,0.0128157723500949
"606",60.5,1,1,2,14,14,0.0714285714285714,0.0714285714285714,0.142857142857143,1,0.038180058561438,1,0.00604827469032914,0.0442283332517671
"607",60.6,0,1,1,14,15,0,0.0666666666666667,0.0666666666666667,2,0.00243919399960107,1,0.00604827469032914,0.00848746868993022
"608",60.7,1,0,1,15,14,0.0666666666666667,0,0.0666666666666667,3,0.00676749765976574,1,0.00604827469032914,0.0128157723500949
"609",60.8,0,0,0,14,14,0,0,0,3,0.00676749765976574,1,0.00604827469032914,0.0128157723500949
"610",60.9,0,0,0,14,14,0,0,0,3,0.00676749765976574,1,0.00604827469032914,0.0128157723500949
"611",61,0,0,0,14,14,0,0,0,3,0.00676749765976574,1,0.00604827469032914,0.0128157723500949
"612",61.1,0,0,0,14,14,0,0,0,3,0.00676749765976574,1,0.00604827469032914,0.0128157723500949
"613",61.2,0,0,0,14,14,0,0,0,3,0.00676749765976574,1,0.00604827469032914,0.0128157723500949
"614",61.3,2,1,3,14,13,0.142857142857143,0.0769230769230769,0.21978021978022,1,0.038180058561438,1,0.00604827469032914,0.0442283332517671
"615",61.4,0,0,0,13,13,0,0,0,1,0.038180058561438,1,0.00604827469032914,0.0442283332517671
"616",61.5,2,1,3,13,12,0.153846153846154,0.0833333333333333,0.237179487179487,1,0.038180058561438,1,0.00604827469032914,0.0442283332517671
"617",61.6,0,0,0,12,12,0,0,0,2,0.00243919399960107,1,0.00604827469032914,0.00848746868993022
"618",61.7,0,0,0,12,12,0,0,0,3,0.00676749765976574,1,0.00604827469032914,0.0128157723500949
"619",61.8,0,0,0,12,12,0,0,0,3,0.00676749765976574,1,0.00604827469032914,0.0128157723500949
"620",61.9,1,0,1,12,11,0.0833333333333333,0,0.0833333333333333,1,0.038180058561438,1,0.00604827469032914,0.0442283332517671
"621",62,1,0,1,11,10,0.0909090909090909,0,0.0909090909090909,1,0.038180058561438,1,0.00604827469032914,0.0442283332517671
"622",62.1,1,1,2,10,10,0.1,0.1,0.2,1,0.038180058561438,1,0.00604827469032914,0.0442283332517671
"623",62.2,0,0,0,10,10,0,0,0,1,0.038180058561438,1,0.00604827469032914,0.0442283332517671
"624",62.3,1,1,2,10,10,0.1,0.1,0.2,1,0.038180058561438,1,0.00604827469032914,0.0442283332517671
"625",62.4,0,0,0,10,10,0,0,0,2,0.00243919399960107,1,0.00604827469032914,0.00848746868993022
"626",62.5,0,0,0,10,10,0,0,0,3,0.00676749765976574,1,0.00604827469032914,0.0128157723500949
"627",62.6,1,0,1,10,9,0.1,0,0.1,1,0.038180058561438,1,0.00604827469032914,0.0442283332517671
"628",62.7,2,1,3,9,8,0.222222222222222,0.125,0.347222222222222,1,0.038180058561438,1,0.00604827469032914,0.0442283332517671
"629",62.8,0,0,0,8,8,0,0,0,1,0.038180058561438,1,0.00604827469032914,0.0442283332517671
"630",62.9,1,0,1,8,7,0.125,0,0.125,1,0.038180058561438,1,0.00604827469032914,0.0442283332517671
"631",63,0,0,0,7,7,0,0,0,2,0.00243919399960107,1,0.00604827469032914,0.00848746868993022
"632",63.1,0,0,0,7,7,0,0,0,3,0.00676749765976574,1,0.00604827469032914,0.0128157723500949
"633",63.2,0,0,0,7,7,0,0,0,3,0.00676749765976574,1,0.00604827469032914,0.0128157723500949
"634",63.3,0,0,0,7,7,0,0,0,3,0.00676749765976574,1,0.00604827469032914,0.0128157723500949
"635",63.4,1,0,1,7,6,0.142857142857143,0,0.142857142857143,1,0.038180058561438,1,0.00604827469032914,0.0442283332517671
"636",63.5,0,0,0,6,6,0,0,0,2,0.00243919399960107,1,0.00604827469032914,0.00848746868993022
"637",63.6,0,0,0,6,6,0,0,0,3,0.00676749765976574,1,0.00604827469032914,0.0128157723500949
"638",63.7,0,0,0,6,6,0,0,0,3,0.00676749765976574,1,0.00604827469032914,0.0128157723500949
"639",63.8,0,0,0,6,6,0,0,0,3,0.00676749765976574,1,0.00604827469032914,0.0128157723500949
"640",63.9,0,0,0,6,6,0,0,0,3,0.00676749765976574,1,0.00604827469032914,0.0128157723500949
"641",64,0,0,0,6,6,0,0,0,3,0.00676749765976574,1,0.00604827469032914,0.0128157723500949
"642",64.1,0,0,0,6,6,0,0,0,3,0.00676749765976574,1,0.00604827469032914,0.0128157723500949
"643",64.2,0,0,0,6,6,0,0,0,3,0.00676749765976574,1,0.00604827469032914,0.0128157723500949
"644",64.3,0,0,0,6,6,0,0,0,3,0.00676749765976574,1,0.00604827469032914,0.0128157723500949
"645",64.4,0,0,0,6,6,0,0,0,3,0.00676749765976574,1,0.00604827469032914,0.0128157723500949
"646",64.5,1,0,1,6,5,0.166666666666667,0,0.166666666666667,1,0.038180058561438,1,0.00604827469032914,0.0442283332517671
"647",64.6,0,0,0,5,5,0,0,0,2,0.00243919399960107,1,0.00604827469032914,0.00848746868993022
"648",64.7,0,0,0,5,5,0,0,0,3,0.00676749765976574,1,0.00604827469032914,0.0128157723500949
"649",64.8,0,0,0,5,5,0,0,0,3,0.00676749765976574,1,0.00604827469032914,0.0128157723500949
"650",64.9,0,0,0,5,5,0,0,0,3,0.00676749765976574,1,0.00604827469032914,0.0128157723500949
"651",65,0,0,0,5,5,0,0,0,3,0.00676749765976574,1,0.00604827469032914,0.0128157723500949
"652",65.1,0,0,0,5,5,0,0,0,3,0.00676749765976574,1,0.00604827469032914,0.0128157723500949
"653",65.2,0,0,0,5,5,0,0,0,3,0.00676749765976574,1,0.00604827469032914,0.0128157723500949
"654",65.3,0,0,0,5,5,0,0,0,3,0.00676749765976574,1,0.00604827469032914,0.0128157723500949
"655",65.4,0,0,0,5,5,0,0,0,3,0.00676749765976574,1,0.00604827469032914,0.0128157723500949
"656",65.5,0,0,0,5,5,0,0,0,3,0.00676749765976574,1,0.00604827469032914,0.0128157723500949
"657",65.6,2,1,3,5,4,0.4,0.25,0.65,1,0.038180058561438,1,0.00604827469032914,0.0442283332517671
"658",65.7,0,0,0,4,4,0,0,0,2,0.00243919399960107,1,0.00604827469032914,0.00848746868993022
"659",65.8,0,0,0,4,4,0,0,0,3,0.00676749765976574,1,0.00604827469032914,0.0128157723500949
"660",65.9,0,0,0,4,4,0,0,0,3,0.00676749765976574,1,0.00604827469032914,0.0128157723500949
"661",66,3,1,4,4,2,0.75,0.5,1.25,1,0.038180058561438,1,0.00604827469032914,0.0442283332517671
"662",66.1,0,0,0,2,2,0,0,0,2,0.00243919399960107,1,0.00604827469032914,0.00848746868993022
"663",66.2,0,0,0,2,2,0,0,0,3,0.00676749765976574,1,0.00604827469032914,0.0128157723500949
"664",66.3,0,0,0,2,2,0,0,0,3,0.00676749765976574,1,0.00604827469032914,0.0128157723500949
"665",66.4,0,0,0,2,2,0,0,0,3,0.00676749765976574,1,0.00604827469032914,0.0128157723500949
"666",66.5,0,0,0,2,2,0,0,0,3,0.00676749765976574,1,0.00604827469032914,0.0128157723500949
"667",66.6,0,0,0,2,2,0,0,0,3,0.00676749765976574,1,0.00604827469032914,0.0128157723500949
"668",66.7,0,0,0,2,2,0,0,0,3,0.00676749765976574,1,0.00604827469032914,0.0128157723500949
"669",66.8,0,0,0,2,2,0,0,0,3,0.00676749765976574,1,0.00604827469032914,0.0128157723500949
"670",66.9,0,0,0,2,2,0,0,0,3,0.00676749765976574,1,0.00604827469032914,0.0128157723500949
"671",67,0,0,0,2,2,0,0,0,3,0.00676749765976574,1,0.00604827469032914,0.0128157723500949
"672",67.1,0,0,0,2,2,0,0,0,3,0.00676749765976574,1,0.00604827469032914,0.0128157723500949
"673",67.2,0,0,0,2,2,0,0,0,3,0.00676749765976574,1,0.00604827469032914,0.0128157723500949
"674",67.3,0,0,0,2,2,0,0,0,3,0.00676749765976574,1,0.00604827469032914,0.0128157723500949
"675",67.4,0,0,0,2,2,0,0,0,3,0.00676749765976574,1,0.00604827469032914,0.0128157723500949
"676",67.5,0,0,0,2,2,0,0,0,3,0.00676749765976574,1,0.00604827469032914,0.0128157723500949
"677",67.6,0,0,0,2,2,0,0,0,3,0.00676749765976574,1,0.00604827469032914,0.0128157723500949
"678",67.7,0,0,0,2,2,0,0,0,3,0.00676749765976574,1,0.00604827469032914,0.0128157723500949
"679",67.8,0,0,0,2,2,0,0,0,3,0.00676749765976574,1,0.00604827469032914,0.0128157723500949
"680",67.9,0,0,0,2,2,0,0,0,3,0.00676749765976574,1,0.00604827469032914,0.0128157723500949
"681",68,0,0,0,2,2,0,0,0,3,0.00676749765976574,1,0.00604827469032914,0.0128157723500949
"682",68.1,0,0,0,2,2,0,0,0,3,0.00676749765976574,1,0.00604827469032914,0.0128157723500949
"683",68.2,0,0,0,2,2,0,0,0,3,0.00676749765976574,1,0.00604827469032914,0.0128157723500949
"684",68.3,0,0,0,2,2,0,0,0,3,0.00676749765976574,1,0.00604827469032914,0.0128157723500949
"685",68.4,0,0,0,2,2,0,0,0,3,0.00676749765976574,1,0.00604827469032914,0.0128157723500949
"686",68.5,0,0,0,2,2,0,0,0,3,0.00676749765976574,1,0.00604827469032914,0.0128157723500949
"687",68.6,0,0,0,2,2,0,0,0,3,0.00676749765976574,1,0.00604827469032914,0.0128157723500949
"688",68.7,0,0,0,2,2,0,0,0,3,0.00676749765976574,1,0.00604827469032914,0.0128157723500949
"689",68.8,0,0,0,2,2,0,0,0,3,0.00676749765976574,1,0.00604827469032914,0.0128157723500949
"690",68.9,0,0,0,2,2,0,0,0,3,0.00676749765976574,1,0.00604827469032914,0.0128157723500949
"691",69,0,0,0,2,2,0,0,0,3,0.00676749765976574,1,0.00604827469032914,0.0128157723500949
"692",69.1,0,0,0,2,2,0,0,0,3,0.00676749765976574,1,0.00604827469032914,0.0128157723500949
"693",69.2,0,0,0,2,2,0,0,0,3,0.00676749765976574,1,0.00604827469032914,0.0128157723500949
"694",69.3,0,0,0,2,2,0,0,0,3,0.00676749765976574,1,0.00604827469032914,0.0128157723500949
"695",69.4,0,0,0,2,2,0,0,0,3,0.00676749765976574,1,0.00604827469032914,0.0128157723500949
"696",69.5,0,0,0,2,2,0,0,0,3,0.00676749765976574,1,0.00604827469032914,0.0128157723500949
"697",69.6,0,0,0,2,2,0,0,0,3,0.00676749765976574,1,0.00604827469032914,0.0128157723500949
"698",69.7,0,0,0,2,2,0,0,0,3,0.00676749765976574,1,0.00604827469032914,0.0128157723500949
"699",69.8,0,0,0,2,2,0,0,0,3,0.00676749765976574,1,0.00604827469032914,0.0128157723500949
"700",69.9,1,0,1,2,1,0.5,0,0.5,1,0.038180058561438,1,0.00604827469032914,0.0442283332517671
"701",70,0,0,0,1,1,0,0,0,2,0.00243919399960107,1,0.00604827469032914,0.00848746868993022
"702",70.1,0,0,0,1,1,0,0,0,3,0.00676749765976574,1,0.00604827469032914,0.0128157723500949
"703",70.2,0,0,0,1,1,0,0,0,3,0.00676749765976574,1,0.00604827469032914,0.0128157723500949
"704",70.3,0,0,0,1,1,0,0,0,3,0.00676749765976574,1,0.00604827469032914,0.0128157723500949
"705",70.4,0,0,0,1,1,0,0,0,3,0.00676749765976574,1,0.00604827469032914,0.0128157723500949
"706",70.5,0,0,0,1,1,0,0,0,3,0.00676749765976574,1,0.00604827469032914,0.0128157723500949
"707",70.6,0,0,0,1,1,0,0,0,3,0.00676749765976574,1,0.00604827469032914,0.0128157723500949
"708",70.7,0,0,0,1,1,0,0,0,3,0.00676749765976574,1,0.00604827469032914,0.0128157723500949
"709",70.8,0,0,0,1,1,0,0,0,3,0.00676749765976574,1,0.00604827469032914,0.0128157723500949
"710",70.9,1,0,1,1,0,1,0,1,1,0.038180058561438,1,0.00604827469032914,0.0442283332517671
"711",71,0,0,0,0,0,0,0,0,2,0.00243919399960107,1,0.00604827469032914,0.00848746868993022
