"age","N.speciations","N.extinctions","N.turnover","N.species.speciation","N.species.extinction","raw.speciation.probability","raw.extinction.probability","raw.turnover.probability","mean.lifespan"
"2",0.05,1,42,43,0,42,Inf,1,Inf,0
"3",0.15,1,0,1,41,41,0.024390243902439,0,0.024390243902439,7.48503579753649
"4",0.25,1,0,1,40,40,0.025,0,0.025,7.6674693847826
"5",0.35,0,1,1,39,41,0,0.024390243902439,0.024390243902439,7.85685222896834
"6",0.45,1,0,1,40,40,0.025,0,0.025,7.70815262135734
"7",0.55,0,2,2,39,42,0,0.0476190476190476,0.0476190476190476,7.89551550908446
"8",0.65,0,1,1,41,43,0,0.0232558139534884,0.0232558139534884,8.08835235674258
"9",0.75,0,0,0,42,43,0,0,0,7.9755344434868
"10",0.85,1,2,3,42,44,0.0238095238095238,0.0454545454545455,0.0692640692640693,7.9755344434868
"11",0.95,0,0,0,43,44,0,0,0,8.18917649961834
"12",1.05,0,1,1,43,45,0,0.0222222222222222,0.0222222222222222,8.18917649961834
"13",1.15,0,0,0,44,45,0,0,0,8.09856471700238
"14",1.25,0,0,0,44,45,0,0,0,8.09856471700238
"15",1.35,0,2,2,44,47,0,0.0425531914893617,0.0425531914893617,8.09856471700238
"16",1.45,0,1,1,46,48,0,0.0208333333333333,0.0208333333333333,8.28815587046239
"17",1.55,0,0,0,47,48,0,0,0,8.19121083344052
"18",1.65,1,2,3,47,49,0.0212765957446809,0.0408163265306122,0.0620929222752931,8.19121083344052
"19",1.75,0,0,0,48,49,0,0,0,8.39650099890031
"20",1.85,0,4,4,48,53,0,0.0754716981132075,0.0754716981132075,8.39650099890031
"21",1.95,4,1,5,52,50,0.0769230769230769,0.02,0.0969230769230769,8.19146373461159
"22",2.05,2,2,4,49,50,0.0408163265306122,0.04,0.0808163265306122,8.71607308997147
"23",2.15,0,0,0,49,50,0,0,0,9.25132401370018
"24",2.25,0,0,0,49,50,0,0,0,9.25132401370018
"25",2.35,0,7,7,49,57,0,0.12280701754386,0.12280701754386,9.25132401370018
"26",2.45,1,0,1,56,56,0.0178571428571429,0,0.0178571428571429,9.4915023970365
"27",2.55,1,0,1,55,55,0.0181818181818182,0,0.0181818181818182,9.6189175154176
"28",2.65,1,0,1,54,54,0.0185185185185185,0,0.0185185185185185,9.74931706621881
"29",2.75,0,1,1,53,55,0,0.0181818181818182,0.0181818181818182,9.88286997957713
"30",2.85,0,0,0,54,55,0,0,0,9.912631646622
"31",2.95,0,1,1,54,56,0,0.0178571428571429,0.0178571428571429,9.912631646622
"32",3.05,0,0,0,55,56,0,0,0,9.85482417923888
"33",3.15,0,2,2,55,58,0,0.0344827586206897,0.0344827586206897,9.85482417923888
"34",3.25,0,0,0,57,58,0,0,0,10.1985847343533
"35",3.35,2,2,4,57,58,0.0350877192982456,0.0344827586206897,0.0695704779189353,10.1985847343533
"36",3.45,0,0,0,57,58,0,0,0,11.2299985630427
"37",3.55,2,0,2,57,56,0.0350877192982456,0,0.0350877192982456,11.2299985630427
"38",3.65,1,1,2,55,56,0.0181818181818182,0.0178571428571429,0.036038961038961,11.5090271669162
"39",3.75,2,2,4,55,56,0.0363636363636364,0.0357142857142857,0.0720779220779221,11.5637195602371
"40",3.85,0,2,2,55,58,0,0.0344827586206897,0.0344827586206897,11.6638697578656
"41",3.95,0,0,0,57,58,0,0,0,11.8249550745614
"42",4.05,0,0,0,57,58,0,0,0,11.8249550745614
"43",4.15,0,2,2,57,60,0,0.0333333333333333,0.0333333333333333,11.8249550745614
"44",4.25,1,2,3,59,61,0.0169491525423729,0.0327868852459016,0.0497360377882745,11.5915723392733
"45",4.35,2,1,3,60,60,0.0333333333333333,0.0166666666666667,0.05,11.8913066473583
"46",4.45,3,2,5,59,59,0.0508474576271186,0.0338983050847458,0.0847457627118644,12.1421215768652
"47",4.55,1,2,3,58,60,0.0172413793103448,0.0333333333333333,0.0505747126436782,12.3752535738211
"48",4.65,3,0,3,59,57,0.0508474576271186,0,0.0508474576271186,12.4194781412563
"49",4.75,0,0,0,56,57,0,0,0,12.8378430416808
"50",4.85,1,4,5,56,60,0.0178571428571429,0.0666666666666667,0.0845238095238095,12.8378430416808
"51",4.95,1,0,1,59,59,0.0169491525423729,0,0.0169491525423729,13.2418100064748
"52",5.05,2,1,3,58,58,0.0344827586206897,0.0172413793103448,0.0517241379310345,13.3853797113573
"53",5.15,0,0,0,57,58,0,0,0,13.5436581826212
"54",5.25,1,0,1,57,57,0.0175438596491228,0,0.0175438596491228,13.5436581826212
"55",5.35,0,2,2,56,59,0,0.0338983050847458,0.0338983050847458,13.6923032529078
"56",5.45,1,0,1,58,58,0.0172413793103448,0,0.0172413793103448,13.5335252229667
"57",5.55,2,1,3,57,57,0.0350877192982456,0.0175438596491228,0.0526315789473684,13.6752478876971
"58",5.65,1,0,1,56,56,0.0178571428571429,0,0.0178571428571429,13.8304978499774
"59",5.75,3,0,3,55,53,0.0545454545454545,0,0.0545454545454545,13.9791319017951
"60",5.85,2,2,4,52,53,0.0384615384615385,0.0377358490566038,0.0761973875181422,14.4560048961295
"61",5.95,0,2,2,52,55,0,0.0363636363636364,0.0363636363636364,14.7101907131776
"62",6.05,2,0,2,54,53,0.037037037037037,0,0.037037037037037,14.7652947608377
"63",6.15,1,0,1,52,52,0.0192307692307692,0,0.0192307692307692,15.1009873360669
"64",6.25,2,0,2,51,50,0.0392156862745098,0,0.0392156862745098,15.2766929701074
"65",6.35,0,0,0,49,50,0,0,0,15.6460726721872
"66",6.45,0,0,0,49,50,0,0,0,15.6460726721872
"67",6.55,0,0,0,49,50,0,0,0,15.6460726721872
"68",6.65,1,0,1,49,49,0.0204081632653061,0,0.0204081632653061,15.6460726721872
"69",6.75,1,0,1,48,48,0.0208333333333333,0,0.0208333333333333,15.8343641521775
"70",6.85,0,0,0,47,48,0,0,0,16.0280054971058
"71",6.95,0,1,1,47,49,0,0.0204081632653061,0.0204081632653061,16.0280054971058
"72",7.05,0,0,0,48,49,0,0,0,15.9814597476621
"73",7.15,1,0,1,48,48,0.0208333333333333,0,0.0208333333333333,15.9814597476621
"74",7.25,0,0,0,47,48,0,0,0,16.1689877185235
"75",7.35,1,0,1,47,47,0.0212765957446809,0,0.0212765957446809,16.1689877185235
"76",7.45,0,0,0,46,47,0,0,0,16.3602876144734
"77",7.55,0,0,0,46,47,0,0,0,16.3602876144734
"78",7.65,0,0,0,46,47,0,0,0,16.3602876144734
"79",7.75,1,0,1,46,46,0.0217391304347826,0,0.0217391304347826,16.3602876144734
"80",7.85,0,0,0,45,46,0,0,0,16.5511320663477
"81",7.95,0,0,0,45,46,0,0,0,16.5511320663477
"82",8.05,0,1,1,45,47,0,0.0212765957446809,0.0212765957446809,16.5511320663477
"83",8.15,0,0,0,46,47,0,0,0,16.6791509344706
"84",8.25,0,0,0,46,47,0,0,0,16.6791509344706
"85",8.35,0,0,0,46,47,0,0,0,16.6791509344706
"86",8.45,1,0,1,46,46,0.0217391304347826,0,0.0217391304347826,16.6791509344706
"87",8.55,2,0,2,45,44,0.0444444444444444,0,0.0444444444444444,16.861405329972
"88",8.65,0,0,0,43,44,0,0,0,17.2470501910718
"89",8.75,0,0,0,43,44,0,0,0,17.2470501910718
"90",8.85,1,1,2,43,44,0.0232558139534884,0.0227272727272727,0.0459830866807611,17.2470501910718
"91",8.95,1,0,1,43,43,0.0232558139534884,0,0.0232558139534884,17.3833496529875
"92",9.05,0,1,1,42,44,0,0.0227272727272727,0.0227272727272727,17.5845712335532
"93",9.15,0,0,0,43,44,0,0,0,17.4954715703144
"94",9.25,1,1,2,43,44,0.0232558139534884,0.0227272727272727,0.0459830866807611,17.4954715703144
"95",9.35,0,0,0,43,44,0,0,0,17.6329915227457
"96",9.45,1,0,1,43,43,0.0232558139534884,0,0.0232558139534884,17.6329915227457
"97",9.55,0,0,0,42,43,0,0,0,17.8280627494777
"98",9.65,1,0,1,42,42,0.0238095238095238,0,0.0238095238095238,17.8280627494777
"99",9.75,0,0,0,41,42,0,0,0,18.0265520848308
"100",9.85,1,1,2,41,42,0.024390243902439,0.0238095238095238,0.0481997677119628,18.0265520848308
"101",9.95,1,0,1,41,41,0.024390243902439,0,0.024390243902439,18.2080561498715
"102",10.05,0,0,0,40,41,0,0,0,18.4143575536183
"103",10.15,0,0,0,40,41,0,0,0,18.4143575536183
"104",10.25,0,2,2,40,43,0,0.0465116279069767,0.0465116279069767,18.4143575536183
"105",10.35,0,0,0,42,43,0,0,0,18.5706663417918
"106",10.45,0,3,3,42,46,0,0.0652173913043478,0.0652173913043478,18.5706663417918
"107",10.55,0,0,0,45,46,0,0,0,19.2689711253549
"108",10.65,1,0,1,45,45,0.0222222222222222,0,0.0222222222222222,19.2689711253549
"109",10.75,0,0,0,44,45,0,0,0,19.4650841054766
"110",10.85,1,0,1,44,44,0.0227272727272727,0,0.0227272727272727,19.4650841054766
"111",10.95,1,0,1,43,43,0.0232558139534884,0,0.0232558139534884,19.6665976893249
"112",11.05,0,0,0,42,43,0,0,0,19.8753262057374
"113",11.15,1,0,1,42,42,0.0238095238095238,0,0.0238095238095238,19.8753262057374
"114",11.25,0,0,0,41,42,0,0,0,20.0874073327066
"115",11.35,0,1,1,41,43,0,0.0232558139534884,0.0232558139534884,20.0874073327066
"116",11.45,1,0,1,42,42,0.0238095238095238,0,0.0238095238095238,20.1434214438327
"117",11.55,0,1,1,41,43,0,0.0232558139534884,0.0232558139534884,20.3544805034383
"118",11.65,1,0,1,42,42,0.0238095238095238,0,0.0238095238095238,20.4003428675746
"119",11.75,0,3,3,41,45,0,0.0666666666666667,0.0666666666666667,20.6142536692227
"120",11.85,0,0,0,44,45,0,0,0,20.1377915683991
"121",11.95,0,0,0,44,45,0,0,0,20.1377915683991
"122",12.05,0,0,0,44,45,0,0,0,20.1377915683991
"123",12.15,0,0,0,44,45,0,0,0,20.1377915683991
"124",12.25,0,0,0,44,45,0,0,0,20.1377915683991
"125",12.35,0,0,0,44,45,0,0,0,20.1377915683991
"126",12.45,1,3,4,44,47,0.0227272727272727,0.0638297872340425,0.0865570599613153,20.1377915683991
"127",12.55,0,0,0,46,47,0,0,0,20.1339722061452
"128",12.65,0,0,0,46,47,0,0,0,20.1339722061452
"129",12.75,0,0,0,46,47,0,0,0,20.1339722061452
"130",12.85,0,0,0,46,47,0,0,0,20.1339722061452
"131",12.95,0,0,0,46,47,0,0,0,20.1339722061452
"132",13.05,0,0,0,46,47,0,0,0,20.1339722061452
"133",13.15,1,1,2,46,47,0.0217391304347826,0.0212765957446809,0.0430157261794635,20.1339722061452
"134",13.25,0,0,0,46,47,0,0,0,20.1542731033156
"135",13.35,2,1,3,46,46,0.0434782608695652,0.0217391304347826,0.0652173913043478,20.1542731033156
"136",13.45,0,0,0,45,46,0,0,0,20.5068865796856
"137",13.55,1,1,2,45,46,0.0222222222222222,0.0217391304347826,0.0439613526570048,20.5068865796856
"138",13.65,2,1,3,45,45,0.0444444444444444,0.0222222222222222,0.0666666666666667,20.5129670029661
"139",13.75,2,1,3,44,44,0.0454545454545455,0.0227272727272727,0.0681818181818182,20.6774231849904
"140",13.85,1,3,4,43,46,0.0232558139534884,0.0652173913043478,0.0884732052578362,20.9423145325926
"141",13.95,0,0,0,45,46,0,0,0,20.9662233186063
"142",14.05,3,0,3,45,43,0.0666666666666667,0,0.0666666666666667,20.9662233186063
"143",14.15,0,0,0,42,43,0,0,0,21.4592087739763
"144",14.25,1,1,2,42,43,0.0238095238095238,0.0232558139534884,0.0470653377630122,21.4592087739763
"145",14.35,0,0,0,42,43,0,0,0,21.5377802025477
"146",14.45,0,1,1,42,44,0,0.0227272727272727,0.0227272727272727,21.5377802025477
"147",14.55,0,1,1,43,45,0,0.0222222222222222,0.0222222222222222,21.4080643838838
"148",14.65,0,0,0,44,45,0,0,0,21.293790193341
"149",14.75,2,2,4,44,45,0.0454545454545455,0.0444444444444444,0.0898989898989899,21.293790193341
"150",14.85,0,0,0,44,45,0,0,0,21.3620529427867
"151",14.95,1,0,1,44,44,0.0227272727272727,0,0.0227272727272727,21.3620529427867
"152",15.05,0,0,0,43,44,0,0,0,21.5113009125282
"153",15.15,3,2,5,43,43,0.0697674418604651,0.0465116279069767,0.116279069767442,21.5113009125282
"154",15.25,0,0,0,42,43,0,0,0,22.604878881308
"155",15.35,0,0,0,42,43,0,0,0,22.604878881308
"156",15.45,0,0,0,42,43,0,0,0,22.604878881308
"157",15.55,0,1,1,42,44,0,0.0227272727272727,0.0227272727272727,22.604878881308
"158",15.65,0,2,2,43,46,0,0.0434782608695652,0.0434782608695652,22.7896405266178
"159",15.75,1,0,1,45,45,0.0222222222222222,0,0.0222222222222222,22.8847258779637
"160",15.85,0,0,0,44,45,0,0,0,23.047333284281
"161",15.95,1,1,2,44,45,0.0227272727272727,0.0222222222222222,0.0449494949494949,23.047333284281
"162",16.05,0,0,0,44,45,0,0,0,23.6970678479629
"163",16.15,0,0,0,44,45,0,0,0,23.6970678479629
"164",16.25,3,0,3,44,42,0.0681818181818182,0,0.0681818181818182,23.6970678479629
"165",16.35,3,6,9,41,45,0.0731707317073171,0.133333333333333,0.20650406504065,24.2405118368383
"166",16.45,0,0,0,44,45,0,0,0,24.3983810894037
"167",16.55,0,0,0,44,45,0,0,0,24.3983810894037
"168",16.65,1,0,1,44,44,0.0227272727272727,0,0.0227272727272727,24.3983810894037
"169",16.75,0,0,0,43,44,0,0,0,24.5776457659015
"170",16.85,0,1,1,43,45,0,0.0222222222222222,0.0222222222222222,24.5776457659015
"171",16.95,0,1,1,44,46,0,0.0217391304347826,0.0217391304347826,24.5254424484301
"172",17.05,0,0,0,45,46,0,0,0,24.5862421400523
"173",17.15,1,0,1,45,45,0.0222222222222222,0,0.0222222222222222,24.5862421400523
"174",17.25,2,0,2,44,43,0.0454545454545455,0,0.0454545454545455,24.755770370508
"175",17.35,0,0,0,42,43,0,0,0,25.1121562611671
"176",17.45,0,0,0,42,43,0,0,0,25.1121562611671
"177",17.55,3,2,5,42,42,0.0714285714285714,0.0476190476190476,0.119047619047619,25.1121562611671
"178",17.65,0,0,0,41,42,0,0,0,26.7135262956228
"179",17.75,0,0,0,41,42,0,0,0,26.7135262956228
"180",17.85,0,0,0,41,42,0,0,0,26.7135262956228
"181",17.95,0,0,0,41,42,0,0,0,26.7135262956228
"182",18.05,0,0,0,41,42,0,0,0,26.7135262956228
"183",18.15,1,0,1,41,41,0.024390243902439,0,0.024390243902439,26.7135262956228
"184",18.25,1,0,1,40,40,0.025,0,0.025,26.9269323542479
"185",18.35,1,0,1,39,39,0.0256410256410256,0,0.0256410256410256,27.1491613889722
"186",18.45,1,0,1,38,38,0.0263157894736842,0,0.0263157894736842,27.3813956869842
"187",18.55,1,0,1,37,37,0.027027027027027,0,0.027027027027027,27.6229027485621
"188",18.65,0,0,0,36,37,0,0,0,27.8744553040031
"189",18.75,0,0,0,36,37,0,0,0,27.8744553040031
"190",18.85,0,0,0,36,37,0,0,0,27.8744553040031
"191",18.95,0,0,0,36,37,0,0,0,27.8744553040031
"192",19.05,1,1,2,36,37,0.0277777777777778,0.027027027027027,0.0548048048048048,27.8744553040031
"193",19.15,0,0,0,36,37,0,0,0,28.0483254700095
"194",19.25,0,0,0,36,37,0,0,0,28.0483254700095
"195",19.35,0,2,2,36,39,0,0.0512820512820513,0.0512820512820513,28.0483254700095
"196",19.45,0,0,0,38,39,0,0,0,28.1593277305907
"197",19.55,0,0,0,38,39,0,0,0,28.1593277305907
"198",19.65,0,0,0,38,39,0,0,0,28.1593277305907
"199",19.75,0,0,0,38,39,0,0,0,28.1593277305907
"200",19.85,0,0,0,38,39,0,0,0,28.1593277305907
"201",19.95,0,0,0,38,39,0,0,0,28.1593277305907
"202",20.05,0,0,0,38,39,0,0,0,28.1593277305907
"203",20.15,0,0,0,38,39,0,0,0,28.1593277305907
"204",20.25,0,0,0,38,39,0,0,0,28.1593277305907
"205",20.35,0,0,0,38,39,0,0,0,28.1593277305907
"206",20.45,0,0,0,38,39,0,0,0,28.1593277305907
"207",20.55,0,0,0,38,39,0,0,0,28.1593277305907
"208",20.65,0,0,0,38,39,0,0,0,28.1593277305907
"209",20.75,1,0,1,38,38,0.0263157894736842,0,0.0263157894736842,28.1593277305907
"210",20.85,0,0,0,37,38,0,0,0,28.3602955471332
"211",20.95,0,1,1,37,39,0,0.0256410256410256,0.0256410256410256,28.3602955471332
"212",21.05,0,0,0,38,39,0,0,0,28.3818667169455
"213",21.15,2,1,3,38,38,0.0526315789473684,0.0263157894736842,0.0789473684210526,28.3818667169455
"214",21.25,0,0,0,37,38,0,0,0,28.6278631147008
"215",21.35,1,0,1,37,37,0.027027027027027,0,0.027027027027027,28.6278631147008
"216",21.45,1,0,1,36,36,0.0277777777777778,0,0.0277777777777778,28.8307232406613
"217",21.55,0,0,0,35,36,0,0,0,29.0406239394527
"218",21.65,0,1,1,35,37,0,0.027027027027027,0.027027027027027,29.0406239394527
"219",21.75,0,0,0,36,37,0,0,0,29.2361874158821
"220",21.85,1,1,2,36,37,0.0277777777777778,0.027027027027027,0.0548048048048048,29.2361874158821
"221",21.95,1,0,1,36,36,0.0277777777777778,0,0.0277777777777778,29.5347141512889
"222",22.05,0,0,0,35,36,0,0,0,29.7510745729977
"223",22.15,0,0,0,35,36,0,0,0,29.7510745729977
"224",22.25,2,0,2,35,34,0.0571428571428571,0,0.0571428571428571,29.7510745729977
"225",22.35,0,0,0,33,34,0,0,0,30.2038245594121
"226",22.45,4,0,4,33,30,0.121212121212121,0,0.121212121212121,30.2038245594121
"227",22.55,0,0,0,29,30,0,0,0,31.2746969124344
"228",22.65,0,1,1,29,31,0,0.032258064516129,0.032258064516129,31.2746969124344
"229",22.75,0,0,0,30,31,0,0,0,31.0725403486866
"230",22.85,0,0,0,30,31,0,0,0,31.0725403486866
"231",22.95,3,4,7,30,32,0.1,0.125,0.225,31.0725403486866
"232",23.05,0,3,3,31,35,0,0.0857142857142857,0.0857142857142857,31.8987409901457
"233",23.15,0,0,0,34,35,0,0,0,32.3487248944399
"234",23.25,0,0,0,34,35,0,0,0,32.3487248944399
"235",23.35,0,1,1,34,36,0,0.0277777777777778,0.0277777777777778,32.3487248944399
"236",23.45,0,0,0,35,36,0,0,0,32.3839714100609
"237",23.55,0,1,1,35,37,0,0.027027027027027,0.027027027027027,32.3839714100609
"238",23.65,0,0,0,36,37,0,0,0,32.3153425745963
"239",23.75,0,0,0,36,37,0,0,0,32.3153425745963
"240",23.85,0,0,0,36,37,0,0,0,32.3153425745963
"241",23.95,0,0,0,36,37,0,0,0,32.3153425745963
"242",24.05,0,0,0,36,37,0,0,0,32.3153425745963
"243",24.15,0,0,0,36,37,0,0,0,32.3153425745963
"244",24.25,0,0,0,36,37,0,0,0,32.3153425745963
"245",24.35,0,0,0,36,37,0,0,0,32.3153425745963
"246",24.45,0,0,0,36,37,0,0,0,32.3153425745963
"247",24.55,0,0,0,36,37,0,0,0,32.3153425745963
"248",24.65,0,0,0,36,37,0,0,0,32.3153425745963
"249",24.75,0,1,1,36,38,0,0.0263157894736842,0.0263157894736842,32.3153425745963
"250",24.85,1,0,1,37,37,0.027027027027027,0,0.027027027027027,32.3581711536613
"251",24.95,0,0,0,36,37,0,0,0,32.5665902330455
"252",25.05,0,0,0,36,37,0,0,0,32.5665902330455
"253",25.15,0,0,0,36,37,0,0,0,32.5665902330455
"254",25.25,2,0,2,36,35,0.0555555555555556,0,0.0555555555555556,32.5665902330455
"255",25.35,1,0,1,34,34,0.0294117647058824,0,0.0294117647058824,32.9993126813164
"256",25.45,0,0,0,33,34,0,0,0,33.2322663351362
"257",25.55,0,0,0,33,34,0,0,0,33.2322663351362
"258",25.65,0,0,0,33,34,0,0,0,33.2322663351362
"259",25.75,0,0,0,33,34,0,0,0,33.2322663351362
"260",25.85,0,0,0,33,34,0,0,0,33.2322663351362
"261",25.95,2,0,2,33,32,0.0606060606060606,0,0.0606060606060606,33.2322663351362
"262",26.05,1,0,1,31,31,0.032258064516129,0,0.032258064516129,33.7047545783971
"263",26.15,0,0,0,30,31,0,0,0,33.9607551696068
"264",26.25,0,0,0,30,31,0,0,0,33.9607551696068
"265",26.35,0,0,0,30,31,0,0,0,33.9607551696068
"266",26.45,1,0,1,30,30,0.0333333333333333,0,0.0333333333333333,33.9607551696068
"267",26.55,0,3,3,29,33,0,0.0909090909090909,0.0909090909090909,34.2188029885224
"268",26.65,0,0,0,32,33,0,0,0,34.5132774821041
"269",26.75,1,0,1,32,32,0.03125,0,0.03125,34.5132774821041
"270",26.85,0,1,1,31,33,0,0.0303030303030303,0.0303030303030303,34.7651998457034
"271",26.95,0,1,1,32,34,0,0.0294117647058824,0.0294117647058824,34.8301793959797
"272",27.05,0,0,0,33,34,0,0,0,34.704551064115
"273",27.15,0,0,0,33,34,0,0,0,34.704551064115
"274",27.25,1,0,1,33,33,0.0303030303030303,0,0.0303030303030303,34.704551064115
"275",27.35,0,0,0,32,33,0,0,0,34.9371486420115
"276",27.45,0,0,0,32,33,0,0,0,34.9371486420115
"277",27.55,0,0,0,32,33,0,0,0,34.9371486420115
"278",27.65,1,0,1,32,32,0.03125,0,0.03125,34.9371486420115
"279",27.75,0,0,0,31,32,0,0,0,35.1713884599565
"280",27.85,0,0,0,31,32,0,0,0,35.1713884599565
"281",27.95,0,0,0,31,32,0,0,0,35.1713884599565
"282",28.05,0,0,0,31,32,0,0,0,35.1713884599565
"283",28.15,0,0,0,31,32,0,0,0,35.1713884599565
"284",28.25,0,0,0,31,32,0,0,0,35.1713884599565
"285",28.35,0,0,0,31,32,0,0,0,35.1713884599565
"286",28.45,0,0,0,31,32,0,0,0,35.1713884599565
"287",28.55,0,0,0,31,32,0,0,0,35.1713884599565
"288",28.65,0,0,0,31,32,0,0,0,35.1713884599565
"289",28.75,0,0,0,31,32,0,0,0,35.1713884599565
"290",28.85,0,0,0,31,32,0,0,0,35.1713884599565
"291",28.95,0,0,0,31,32,0,0,0,35.1713884599565
"292",29.05,0,0,0,31,32,0,0,0,35.1713884599565
"293",29.15,3,0,3,31,29,0.0967741935483871,0,0.0967741935483871,35.1713884599565
"294",29.25,0,0,0,28,29,0,0,0,35.8137554774916
"295",29.35,0,0,0,28,29,0,0,0,35.8137554774916
"296",29.45,0,0,0,28,29,0,0,0,35.8137554774916
"297",29.55,0,0,0,28,29,0,0,0,35.8137554774916
"298",29.65,0,0,0,28,29,0,0,0,35.8137554774916
"299",29.75,0,0,0,28,29,0,0,0,35.8137554774916
"300",29.85,0,0,0,28,29,0,0,0,35.8137554774916
"301",29.95,1,1,2,28,29,0.0357142857142857,0.0344827586206897,0.0701970443349754,35.8137554774916
"302",30.05,0,0,0,28,29,0,0,0,36.2414935727297
"303",30.15,0,0,0,28,29,0,0,0,36.2414935727297
"304",30.25,1,7,8,28,35,0.0357142857142857,0.2,0.235714285714286,36.2414935727297
"305",30.35,0,0,0,34,35,0,0,0,36.9576150157108
"306",30.45,1,0,1,34,34,0.0294117647058824,0,0.0294117647058824,36.9576150157108
"307",30.55,1,0,1,33,33,0.0303030303030303,0,0.0303030303030303,37.1558816884652
"308",30.65,2,0,2,32,31,0.0625,0,0.0625,37.3623270653039
"309",30.75,0,0,0,30,31,0,0,0,37.8075192400278
"310",30.85,0,0,0,30,31,0,0,0,37.8075192400278
"311",30.95,0,0,0,30,31,0,0,0,37.8075192400278
"312",31.05,0,0,0,30,31,0,0,0,37.8075192400278
"313",31.15,0,0,0,30,31,0,0,0,37.8075192400278
"314",31.25,2,0,2,30,29,0.0666666666666667,0,0.0666666666666667,37.8075192400278
"315",31.35,0,0,0,28,29,0,0,0,38.2729769635219
"316",31.45,0,0,0,28,29,0,0,0,38.2729769635219
"317",31.55,0,0,0,28,29,0,0,0,38.2729769635219
"318",31.65,0,0,0,28,29,0,0,0,38.2729769635219
"319",31.75,0,0,0,28,29,0,0,0,38.2729769635219
"320",31.85,0,1,1,28,30,0,0.0333333333333333,0.0333333333333333,38.2729769635219
"321",31.95,0,0,0,29,30,0,0,0,38.4285064935154
"322",32.05,0,0,0,29,30,0,0,0,38.4285064935154
"323",32.15,1,1,2,29,30,0.0344827586206897,0.0333333333333333,0.067816091954023,38.4285064935154
"324",32.25,0,1,1,29,31,0,0.032258064516129,0.032258064516129,38.5591961486878
"325",32.35,0,2,2,30,33,0,0.0606060606060606,0.0606060606060606,38.8261139693726
"326",32.45,0,0,0,32,33,0,0,0,39.4609181443637
"327",32.55,0,0,0,32,33,0,0,0,39.4609181443637
"328",32.65,1,0,1,32,32,0.03125,0,0.03125,39.4609181443637
"329",32.75,1,1,2,31,32,0.032258064516129,0.03125,0.063508064516129,39.681289317901
"330",32.85,0,0,0,31,32,0,0,0,39.7339268890585
"331",32.95,0,0,0,31,32,0,0,0,39.7339268890585
"332",33.05,0,1,1,31,33,0,0.0303030303030303,0.0303030303030303,39.7339268890585
"333",33.15,0,0,0,32,33,0,0,0,39.5587260487755
"334",33.25,0,0,0,32,33,0,0,0,39.5587260487755
"335",33.35,1,0,1,32,32,0.03125,0,0.03125,39.5587260487755
"336",33.45,1,0,1,31,31,0.032258064516129,0,0.032258064516129,39.7583433975974
"337",33.55,1,0,1,30,30,0.0333333333333333,0,0.0333333333333333,39.9677391579095
"338",33.65,0,0,0,29,30,0,0,0,40.187924889521
"339",33.75,0,0,0,29,30,0,0,0,40.187924889521
"340",33.85,0,0,0,29,30,0,0,0,40.187924889521
"341",33.95,1,11,12,29,40,0.0344827586206897,0.275,0.30948275862069,40.187924889521
"342",34.05,1,4,5,39,43,0.0256410256410256,0.0930232558139535,0.118664281454979,41.7423345730923
"343",34.15,2,0,2,42,41,0.0476190476190476,0,0.0476190476190476,41.6064891446928
"344",34.25,1,1,2,40,41,0.025,0.024390243902439,0.049390243902439,41.9797073519274
"345",34.35,0,0,0,40,41,0,0,0,42.3077938903889
"346",34.45,2,0,2,40,39,0.05,0,0.05,42.3077938903889
"347",34.55,0,0,0,38,39,0,0,0,42.7229409372515
"348",34.65,0,5,5,38,44,0,0.113636363636364,0.113636363636364,42.7229409372515
"349",34.75,0,0,0,43,44,0,0,0,42.6462264538607
"350",34.85,1,0,1,43,43,0.0232558139534884,0,0.0232558139534884,42.6462264538607
"351",34.95,0,1,1,42,44,0,0.0227272727272727,0.0227272727272727,42.8319095012969
"352",35.05,0,0,0,43,44,0,0,0,42.8126015283986
"353",35.15,0,0,0,43,44,0,0,0,42.8126015283986
"354",35.25,1,0,1,43,43,0.0232558139534884,0,0.0232558139534884,42.8126015283986
"355",35.35,0,0,0,42,43,0,0,0,42.9922733596608
"356",35.45,0,0,0,42,43,0,0,0,42.9922733596608
"357",35.55,2,0,2,42,41,0.0476190476190476,0,0.0476190476190476,42.9922733596608
"358",35.65,0,1,1,40,42,0,0.0238095238095238,0.0238095238095238,43.3641408737977
"359",35.75,0,0,0,41,42,0,0,0,43.3741008524855
"360",35.85,1,2,3,41,43,0.024390243902439,0.0465116279069767,0.0709018718094158,43.3741008524855
"361",35.95,0,1,1,42,44,0,0.0227272727272727,0.0227272727272727,43.4052832174501
"362",36.05,1,1,2,43,44,0.0232558139534884,0.0227272727272727,0.0459830866807611,43.415625468207
"363",36.15,0,0,0,43,44,0,0,0,43.5963020009766
"364",36.25,0,0,0,43,44,0,0,0,43.5963020009766
"365",36.35,0,1,1,43,45,0,0.0222222222222222,0.0222222222222222,43.5963020009766
"366",36.45,1,0,1,44,44,0.0227272727272727,0,0.0227272727272727,43.5950224100453
"367",36.55,0,1,1,43,45,0,0.0222222222222222,0.0222222222222222,43.7608897388201
"368",36.65,0,0,0,44,45,0,0,0,43.907233153847
"369",36.75,0,0,0,44,45,0,0,0,43.907233153847
"370",36.85,1,0,1,44,44,0.0227272727272727,0,0.0227272727272727,43.907233153847
"371",36.95,0,0,0,43,44,0,0,0,44.0714817049935
"372",37.05,0,0,0,43,44,0,0,0,44.0714817049935
"373",37.15,0,0,0,43,44,0,0,0,44.0714817049935
"374",37.25,0,1,1,43,45,0,0.0222222222222222,0.0222222222222222,44.0714817049935
"375",37.35,0,1,1,44,46,0,0.0217391304347826,0.0217391304347826,43.9936828783649
"376",37.45,0,0,0,45,46,0,0,0,44.0763189853414
"377",37.55,0,0,0,45,46,0,0,0,44.0763189853414
"378",37.65,1,0,1,45,45,0.0222222222222222,0,0.0222222222222222,44.0763189853414
"379",37.75,0,0,0,44,45,0,0,0,44.2233221027768
"380",37.85,0,0,0,44,45,0,0,0,44.2233221027768
"381",37.95,0,3,3,44,48,0,0.0625,0.0625,44.2233221027768
"382",38.05,1,1,2,47,48,0.0212765957446809,0.0208333333333333,0.0421099290780142,44.4714893796379
"383",38.15,0,1,1,47,49,0,0.0204081632653061,0.0204081632653061,44.5523712512082
"384",38.25,0,0,0,48,49,0,0,0,44.506676016808
"385",38.35,0,0,0,48,49,0,0,0,44.506676016808
"386",38.45,1,0,1,48,48,0.0208333333333333,0,0.0208333333333333,44.506676016808
"387",38.55,1,0,1,47,47,0.0212765957446809,0,0.0212765957446809,44.6348444388465
"388",38.65,0,0,0,46,47,0,0,0,44.7664429654042
"389",38.75,0,1,1,46,48,0,0.0208333333333333,0.0208333333333333,44.7664429654042
"390",38.85,0,0,0,47,48,0,0,0,44.892050561885
"391",38.95,2,1,3,47,47,0.0425531914893617,0.0212765957446809,0.0638297872340425,44.892050561885
"392",39.05,2,0,2,46,45,0.0434782608695652,0,0.0434782608695652,45.1182138192307
"393",39.15,1,0,1,44,44,0.0227272727272727,0,0.0227272727272727,45.3929475201871
"394",39.25,0,1,1,43,45,0,0.0222222222222222,0.0222222222222222,45.537606196601
"395",39.35,0,0,0,44,45,0,0,0,45.5779752865384
"396",39.45,0,0,0,44,45,0,0,0,45.5779752865384
"397",39.55,0,1,1,44,46,0,0.0217391304347826,0.0217391304347826,45.5779752865384
"398",39.65,0,1,1,45,47,0,0.0212765957446809,0.0212765957446809,45.571757957698
"399",39.75,1,1,2,46,47,0.0217391304347826,0.0212765957446809,0.0430157261794635,45.5309588716611
"400",39.85,0,0,0,46,47,0,0,0,45.6196472165643
"401",39.95,1,3,4,46,49,0.0217391304347826,0.0612244897959184,0.082963620230701,45.6196472165643
"402",40.05,0,2,2,48,51,0,0.0392156862745098,0.0392156862745098,45.680519287669
"403",40.15,0,1,1,50,52,0,0.0192307692307692,0.0192307692307692,45.6305446314504
"404",40.25,1,1,2,51,52,0.0196078431372549,0.0192307692307692,0.0388386123680241,45.5663966975004
"405",40.35,1,0,1,51,51,0.0196078431372549,0,0.0196078431372549,45.6165012726638
"406",40.45,1,3,4,50,53,0.02,0.0566037735849057,0.0766037735849057,45.7225512981171
"407",40.55,0,0,0,52,53,0,0,0,45.9090508044025
"408",40.65,1,2,3,52,54,0.0192307692307692,0.037037037037037,0.0562678062678063,45.9090508044025
"409",40.75,0,0,0,53,54,0,0,0,46.0081803489735
"410",40.85,0,0,0,53,54,0,0,0,46.0081803489735
"411",40.95,1,0,1,53,53,0.0188679245283019,0,0.0188679245283019,46.0081803489735
"412",41.05,0,0,0,52,53,0,0,0,46.104886808676
"413",41.15,0,1,1,52,54,0,0.0185185185185185,0.0185185185185185,46.104886808676
"414",41.25,0,0,0,53,54,0,0,0,46.0551766802104
"415",41.35,0,1,1,53,55,0,0.0181818181818182,0.0181818181818182,46.0551766802104
"416",41.45,1,0,1,54,54,0.0185185185185185,0,0.0185185185185185,46.007881741688
"417",41.55,0,0,0,53,54,0,0,0,46.0933868479253
"418",41.65,0,0,0,53,54,0,0,0,46.0933868479253
"419",41.75,0,0,0,53,54,0,0,0,46.0933868479253
"420",41.85,2,3,5,53,55,0.0377358490566038,0.0545454545454545,0.0922813036020583,46.0933868479253
"421",41.95,0,0,0,54,55,0,0,0,46.3426474903427
"422",42.05,2,1,3,54,54,0.037037037037037,0.0185185185185185,0.0555555555555556,46.3426474903427
"423",42.15,0,0,0,53,54,0,0,0,46.6834018455064
"424",42.25,0,1,1,53,55,0,0.0181818181818182,0.0181818181818182,46.6834018455064
"425",42.35,2,0,2,54,53,0.037037037037037,0,0.037037037037037,46.6806878512164
"426",42.45,0,0,0,52,53,0,0,0,46.8469066147247
"427",42.55,0,2,2,52,55,0,0.0363636363636364,0.0363636363636364,46.8469066147247
"428",42.65,1,1,2,54,55,0.0185185185185185,0.0181818181818182,0.0367003367003367,47.4457248882534
"429",42.75,2,1,3,54,54,0.037037037037037,0.0185185185185185,0.0555555555555556,47.5335359043977
"430",42.85,0,3,3,53,57,0,0.0526315789473684,0.0526315789473684,47.8771560786946
"431",42.95,0,0,0,56,57,0,0,0,47.9746813711821
"432",43.05,0,0,0,56,57,0,0,0,47.9746813711821
"433",43.15,1,0,1,56,56,0.0178571428571429,0,0.0178571428571429,47.9746813711821
"434",43.25,0,2,2,55,58,0,0.0344827586206897,0.0344827586206897,48.0629786082339
"435",43.35,2,3,5,57,59,0.0350877192982456,0.0508474576271186,0.0859351769253643,48.0839733349906
"436",43.45,2,1,3,58,58,0.0344827586206897,0.0172413793103448,0.0517241379310345,48.3363859457995
"437",43.55,4,3,7,57,57,0.0701754385964912,0.0526315789473684,0.12280701754386,48.6086803107634
"438",43.65,1,1,2,56,57,0.0178571428571429,0.0175438596491228,0.0354010025062657,49.131305554408
"439",43.75,1,0,1,56,56,0.0178571428571429,0,0.0178571428571429,49.2558591258366
"440",43.85,5,2,7,55,53,0.0909090909090909,0.0377358490566038,0.128644939965695,49.3555565644881
"441",43.95,1,0,1,52,52,0.0192307692307692,0,0.0192307692307692,49.6789862665169
"442",44.05,2,0,2,51,50,0.0392156862745098,0,0.0392156862745098,49.7915340831339
"443",44.15,0,0,0,49,50,0,0,0,50.0256287175946
"444",44.25,0,0,0,49,50,0,0,0,50.0256287175946
"445",44.35,0,0,0,49,50,0,0,0,50.0256287175946
"446",44.45,0,0,0,49,50,0,0,0,50.0256287175946
"447",44.55,1,2,3,49,51,0.0204081632653061,0.0392156862745098,0.0596238495398159,50.0256287175946
"448",44.65,0,0,0,50,51,0,0,0,50.3134608383137
"449",44.75,2,1,3,50,50,0.04,0.02,0.06,50.3134608383137
"450",44.85,0,0,0,49,50,0,0,0,50.6544434414792
"451",44.95,0,0,0,49,50,0,0,0,50.6544434414792
"452",45.05,0,0,0,49,50,0,0,0,50.6544434414792
"453",45.15,0,0,0,49,50,0,0,0,50.6544434414792
"454",45.25,2,0,2,49,48,0.0408163265306122,0,0.0408163265306122,50.6544434414792
"455",45.35,0,0,0,47,48,0,0,0,50.8833660600629
"456",45.45,0,0,0,47,48,0,0,0,50.8833660600629
"457",45.55,0,0,0,47,48,0,0,0,50.8833660600629
"458",45.65,0,0,0,47,48,0,0,0,50.8833660600629
"459",45.75,2,2,4,47,48,0.0425531914893617,0.0416666666666667,0.0842198581560284,50.8833660600629
"460",45.85,0,0,0,47,48,0,0,0,51.3554937196373
"461",45.95,0,0,0,47,48,0,0,0,51.3554937196373
"462",46.05,0,0,0,47,48,0,0,0,51.3554937196373
"463",46.15,0,0,0,47,48,0,0,0,51.3554937196373
"464",46.25,0,0,0,47,48,0,0,0,51.3554937196373
"465",46.35,1,2,3,47,49,0.0212765957446809,0.0408163265306122,0.0620929222752931,51.3554937196373
"466",46.45,0,0,0,48,49,0,0,0,51.5364987726394
"467",46.55,3,1,4,48,47,0.0625,0.0212765957446809,0.0837765957446809,51.5364987726394
"468",46.65,0,0,0,46,47,0,0,0,51.9574268129214
"469",46.75,1,0,1,46,46,0.0217391304347826,0,0.0217391304347826,51.9574268129214
"470",46.85,1,1,2,45,46,0.0222222222222222,0.0217391304347826,0.0439613526570048,52.0738995455162
"471",46.95,1,0,1,45,45,0.0222222222222222,0,0.0222222222222222,52.1236046737213
"472",47.05,0,0,0,44,45,0,0,0,52.2419733114108
"473",47.15,0,0,0,44,45,0,0,0,52.2419733114108
"474",47.25,0,0,0,44,45,0,0,0,52.2419733114108
"475",47.35,1,0,1,44,44,0.0227272727272727,0,0.0227272727272727,52.2419733114108
"476",47.45,5,0,5,43,39,0.116279069767442,0,0.116279069767442,52.3565809197263
"477",47.55,0,0,0,38,39,0,0,0,53.0069913646295
"478",47.65,0,0,0,38,39,0,0,0,53.0069913646295
"479",47.75,1,0,1,38,38,0.0263157894736842,0,0.0263157894736842,53.0069913646295
"480",47.85,0,0,0,37,38,0,0,0,53.1500909233409
"481",47.95,0,0,0,37,38,0,0,0,53.1500909233409
"482",48.05,1,1,2,37,38,0.027027027027027,0.0263157894736842,0.0533428165007112,53.1500909233409
"483",48.15,0,0,0,37,38,0,0,0,53.2092489274989
"484",48.25,0,0,0,37,38,0,0,0,53.2092489274989
"485",48.35,2,1,3,37,37,0.0540540540540541,0.027027027027027,0.0810810810810811,53.2092489274989
"486",48.45,0,0,0,36,37,0,0,0,53.6086725088183
"487",48.55,0,0,0,36,37,0,0,0,53.6086725088183
"488",48.65,2,0,2,36,35,0.0555555555555556,0,0.0555555555555556,53.6086725088183
"489",48.75,0,0,0,34,35,0,0,0,53.9005061858077
"490",48.85,0,0,0,34,35,0,0,0,53.9005061858077
"491",48.95,0,0,0,34,35,0,0,0,53.9005061858077
"492",49.05,1,0,1,34,34,0.0294117647058824,0,0.0294117647058824,53.9005061858077
"493",49.15,0,0,0,33,34,0,0,0,54.0474154641655
"494",49.25,0,0,0,33,34,0,0,0,54.0474154641655
"495",49.35,1,0,1,33,33,0.0303030303030303,0,0.0303030303030303,54.0474154641655
"496",49.45,0,0,0,32,33,0,0,0,54.1929596974206
"497",49.55,0,0,0,32,33,0,0,0,54.1929596974206
"498",49.65,0,0,0,32,33,0,0,0,54.1929596974206
"499",49.75,0,1,1,32,34,0,0.0294117647058824,0.0294117647058824,54.1929596974206
"500",49.85,0,0,0,33,34,0,0,0,54.3019609187109
"501",49.95,0,0,0,33,34,0,0,0,54.3019609187109
"502",50.05,0,0,0,33,34,0,0,0,54.3019609187109
"503",50.15,0,0,0,33,34,0,0,0,54.3019609187109
"504",50.25,6,3,9,33,31,0.181818181818182,0.0967741935483871,0.278592375366569,54.3019609187109
"505",50.35,0,1,1,30,32,0,0.03125,0.03125,55.226657010582
"506",50.45,1,2,3,31,33,0.032258064516129,0.0606060606060606,0.0928641251221896,55.2778938812084
"507",50.55,1,0,1,32,32,0.03125,0,0.03125,55.4796784474206
"508",50.65,3,4,7,31,33,0.0967741935483871,0.121212121212121,0.217986314760508,55.63861968766
"509",50.75,0,2,2,32,35,0,0.0571428571428571,0.0571428571428571,56.17736227095
"510",50.85,0,0,0,34,35,0,0,0,56.0587527256001
"511",50.95,0,0,0,34,35,0,0,0,56.0587527256001
"512",51.05,0,0,0,34,35,0,0,0,56.0587527256001
"513",51.15,0,1,1,34,36,0,0.0277777777777778,0.0277777777777778,56.0587527256001
"514",51.25,0,0,0,35,36,0,0,0,56.1016455048686
"515",51.35,0,0,0,35,36,0,0,0,56.1016455048686
"516",51.45,0,0,0,35,36,0,0,0,56.1016455048686
"517",51.55,0,0,0,35,36,0,0,0,56.1016455048686
"518",51.65,0,1,1,35,37,0,0.027027027027027,0.027027027027027,56.1016455048686
"519",51.75,1,0,1,36,36,0.0277777777777778,0,0.0277777777777778,56.0829539630667
"520",51.85,0,0,0,35,36,0,0,0,56.2055526477258
"521",51.95,0,0,0,35,36,0,0,0,56.2055526477258
"522",52.05,0,0,0,35,36,0,0,0,56.2055526477258
"523",52.15,1,0,1,35,35,0.0285714285714286,0,0.0285714285714286,56.2055526477258
"524",52.25,0,0,0,34,35,0,0,0,56.3243630197177
"525",52.35,0,0,0,34,35,0,0,0,56.3243630197177
"526",52.45,0,0,0,34,35,0,0,0,56.3243630197177
"527",52.55,2,0,2,34,33,0.0588235294117647,0,0.0588235294117647,56.3243630197177
"528",52.65,0,0,0,32,33,0,0,0,56.5608857084501
"529",52.75,0,0,0,32,33,0,0,0,56.5608857084501
"530",52.85,0,0,0,32,33,0,0,0,56.5608857084501
"531",52.95,0,0,0,32,33,0,0,0,56.5608857084501
"532",53.05,0,1,1,32,34,0,0.0294117647058824,0.0294117647058824,56.5608857084501
"533",53.15,0,0,0,33,34,0,0,0,56.5513134142546
"534",53.25,0,0,0,33,34,0,0,0,56.5513134142546
"535",53.35,0,0,0,33,34,0,0,0,56.5513134142546
"536",53.45,0,0,0,33,34,0,0,0,56.5513134142546
"537",53.55,0,0,0,33,34,0,0,0,56.5513134142546
"538",53.65,0,0,0,33,34,0,0,0,56.5513134142546
"539",53.75,0,0,0,33,34,0,0,0,56.5513134142546
"540",53.85,1,0,1,33,33,0.0303030303030303,0,0.0303030303030303,56.5513134142546
"541",53.95,0,0,0,32,33,0,0,0,56.6366223155929
"542",54.05,0,0,0,32,33,0,0,0,56.6366223155929
"543",54.15,1,0,1,32,32,0.03125,0,0.03125,56.6366223155929
"544",54.25,0,0,0,31,32,0,0,0,56.7178958465106
"545",54.35,0,1,1,31,33,0,0.0303030303030303,0.0303030303030303,56.7178958465106
"546",54.45,0,0,0,32,33,0,0,0,56.8557741013072
"547",54.55,0,0,0,32,33,0,0,0,56.8557741013072
"548",54.65,4,2,6,32,31,0.125,0.0645161290322581,0.189516129032258,56.8557741013072
"549",54.75,0,0,0,30,31,0,0,0,57.0989020969499
"550",54.85,0,1,1,30,32,0,0.03125,0.03125,57.0989020969499
"551",54.95,0,0,0,31,32,0,0,0,57.2092600938225
"552",55.05,0,0,0,31,32,0,0,0,57.2092600938225
"553",55.15,0,0,0,31,32,0,0,0,57.2092600938225
"554",55.25,0,5,5,31,37,0,0.135135135135135,0.135135135135135,57.2092600938225
"555",55.35,1,1,2,36,37,0.0277777777777778,0.027027027027027,0.0548048048048048,57.7651684141249
"556",55.45,2,1,3,36,36,0.0555555555555556,0.0277777777777778,0.0833333333333333,57.848731867284
"557",55.55,1,0,1,35,35,0.0285714285714286,0,0.0285714285714286,58.0907611111111
"558",55.65,1,0,1,34,34,0.0294117647058824,0,0.0294117647058824,58.1653178104575
"559",55.75,0,4,4,33,38,0,0.105263157894737,0.105263157894737,58.2405420875421
"560",55.85,5,1,6,37,34,0.135135135135135,0.0294117647058824,0.164546899841018,58.0394024024024
"561",55.95,4,1,5,33,31,0.121212121212121,0.032258064516129,0.15347018572825,58.5127811447811
"562",56.05,0,0,0,30,31,0,0,0,58.964837037037
"563",56.15,0,0,0,30,31,0,0,0,58.964837037037
"564",56.25,3,0,3,30,28,0.1,0,0.1,58.964837037037
"565",56.35,0,0,0,27,28,0,0,0,59.2670411522634
"566",56.45,0,0,0,27,28,0,0,0,59.2670411522634
"567",56.55,3,0,3,27,25,0.111111111111111,0,0.111111111111111,59.2670411522634
"568",56.65,0,0,0,24,25,0,0,0,59.6091712962963
"569",56.75,0,0,0,24,25,0,0,0,59.6091712962963
"570",56.85,2,0,2,24,23,0.0833333333333333,0,0.0833333333333333,59.6091712962963
"571",56.95,0,0,0,22,23,0,0,0,59.8631868686869
"572",57.05,0,0,0,22,23,0,0,0,59.8631868686869
"573",57.15,2,1,3,22,22,0.0909090909090909,0.0454545454545455,0.136363636363636,59.8631868686869
"574",57.25,0,0,0,21,22,0,0,0,60.1676243386243
"575",57.35,0,0,0,21,22,0,0,0,60.1676243386243
"576",57.45,0,0,0,21,22,0,0,0,60.1676243386243
"577",57.55,2,3,5,21,23,0.0952380952380952,0.130434782608696,0.225672877846791,60.1676243386243
"578",57.65,0,0,0,22,23,0,0,0,60.4849545454545
"579",57.75,4,2,6,22,21,0.181818181818182,0.0952380952380952,0.277056277056277,60.4849545454545
"580",57.85,0,1,1,20,22,0,0.0454545454545455,0.0454545454545455,61.27445
"581",57.95,0,0,0,21,22,0,0,0,61.351328042328
"582",58.05,0,0,0,21,22,0,0,0,61.351328042328
"583",58.15,0,0,0,21,22,0,0,0,61.351328042328
"584",58.25,1,0,1,21,21,0.0476190476190476,0,0.0476190476190476,61.351328042328
"585",58.35,1,0,1,20,20,0.05,0,0.05,61.5041166666667
"586",58.45,0,0,0,19,20,0,0,0,61.6676666666667
"587",58.55,0,0,0,19,20,0,0,0,61.6676666666667
"588",58.65,0,0,0,19,20,0,0,0,61.6676666666667
"589",58.75,0,0,0,19,20,0,0,0,61.6676666666667
"590",58.85,0,0,0,19,20,0,0,0,61.6676666666667
"591",58.95,0,0,0,19,20,0,0,0,61.6676666666667
"592",59.05,0,0,0,19,20,0,0,0,61.6676666666667
"593",59.15,0,0,0,19,20,0,0,0,61.6676666666667
"594",59.25,0,0,0,19,20,0,0,0,61.6676666666667
"595",59.35,0,0,0,19,20,0,0,0,61.6676666666667
"596",59.45,0,0,0,19,20,0,0,0,61.6676666666667
"597",59.55,0,0,0,19,20,0,0,0,61.6676666666667
"598",59.65,0,0,0,19,20,0,0,0,61.6676666666667
"599",59.75,0,0,0,19,20,0,0,0,61.6676666666667
"600",59.85,0,1,1,19,21,0,0.0476190476190476,0.0476190476190476,61.6676666666667
"601",59.95,0,0,0,20,21,0,0,0,61.6987833333333
"602",60.05,0,0,0,20,21,0,0,0,61.6987833333333
"603",60.15,0,1,1,20,22,0,0.0454545454545455,0.0454545454545455,61.6987833333333
"604",60.25,0,0,0,21,22,0,0,0,61.7116984126984
"605",60.35,0,0,0,21,22,0,0,0,61.7116984126984
"606",60.45,1,1,2,21,22,0.0476190476190476,0.0454545454545455,0.0930735930735931,61.7116984126984
"607",60.55,2,2,4,21,22,0.0952380952380952,0.0909090909090909,0.186147186147186,61.8007989417989
"608",60.65,1,1,2,21,22,0.0476190476190476,0.0454545454545455,0.0930735930735931,61.9767513227513
"609",60.75,3,0,3,21,19,0.142857142857143,0,0.142857142857143,62.2193612128612
"610",60.85,1,0,1,18,18,0.0555555555555556,0,0.0555555555555556,62.4675880816714
"611",60.95,0,0,0,17,18,0,0,0,62.563916792358
"612",61.05,0,0,0,17,18,0,0,0,62.563916792358
"613",61.15,1,0,1,17,17,0.0588235294117647,0,0.0588235294117647,62.563916792358
"614",61.25,0,0,0,16,17,0,0,0,62.6535365918803
"615",61.35,2,2,4,16,17,0.125,0.117647058823529,0.242647058823529,62.6535365918803
"616",61.45,0,0,0,16,17,0,0,0,62.7929115918803
"617",61.55,1,0,1,16,16,0.0625,0,0.0625,62.7929115918803
"618",61.65,0,0,0,15,16,0,0,0,62.8762168091168
"619",61.75,0,0,0,15,16,0,0,0,62.8762168091168
"620",61.85,1,0,1,15,15,0.0666666666666667,0,0.0666666666666667,62.8762168091168
"621",61.95,1,0,1,14,14,0.0714285714285714,0,0.0714285714285714,62.9485656288156
"622",62.05,0,2,2,13,16,0,0.125,0.125,63.0238399079553
"623",62.15,1,0,1,15,15,0.0666666666666667,0,0.0666666666666667,63.0539945868946
"624",62.25,4,2,6,14,13,0.285714285714286,0.153846153846154,0.43956043956044,63.1199942002442
"625",62.35,0,0,0,12,13,0,0,0,63.4454099002849
"626",62.45,2,1,3,12,12,0.166666666666667,0.0833333333333333,0.25,63.4454099002849
"627",62.55,0,2,2,11,14,0,0.142857142857143,0.142857142857143,63.8512348762349
"628",62.65,3,1,4,13,12,0.230769230769231,0.0833333333333333,0.314102564102564,64.1648741429511
"629",62.75,0,0,0,11,12,0,0,0,64.7431107781108
"630",62.85,1,0,1,11,11,0.0909090909090909,0,0.0909090909090909,64.7431107781108
"631",62.95,1,0,1,10,10,0.1,0,0.1,64.928532967033
"632",63.05,0,0,0,9,10,0,0,0,65.1511477411477
"633",63.15,0,0,0,9,10,0,0,0,65.1511477411477
"634",63.25,0,0,0,9,10,0,0,0,65.1511477411477
"635",63.35,0,0,0,9,10,0,0,0,65.1511477411477
"636",63.45,0,0,0,9,10,0,0,0,65.1511477411477
"637",63.55,0,0,0,9,10,0,0,0,65.1511477411477
"638",63.65,0,0,0,9,10,0,0,0,65.1511477411477
"639",63.75,0,1,1,9,11,0,0.0909090909090909,0.0909090909090909,65.1511477411477
"640",63.85,0,0,0,10,11,0,0,0,65.238032967033
"641",63.95,3,1,4,10,9,0.3,0.111111111111111,0.411111111111111,65.238032967033
"642",64.05,0,0,0,8,9,0,0,0,65.8375412087912
"643",64.15,0,0,0,8,9,0,0,0,65.8375412087912
"644",64.25,0,0,0,8,9,0,0,0,65.8375412087912
"645",64.35,0,0,0,8,9,0,0,0,65.8375412087912
"646",64.45,0,0,0,8,9,0,0,0,65.8375412087912
"647",64.55,0,1,1,8,10,0,0.1,0.1,65.8375412087912
"648",64.65,0,0,0,9,10,0,0,0,65.8600366300366
"649",64.75,0,0,0,9,10,0,0,0,65.8600366300366
"650",64.85,0,0,0,9,10,0,0,0,65.8600366300366
"651",64.95,0,0,0,9,10,0,0,0,65.8600366300366
"652",65.05,0,0,0,9,10,0,0,0,65.8600366300366
"653",65.15,0,0,0,9,10,0,0,0,65.8600366300366
"654",65.25,1,0,1,9,9,0.111111111111111,0,0.111111111111111,65.8600366300366
"655",65.35,0,0,0,8,9,0,0,0,65.9362912087912
"656",65.45,0,0,0,8,9,0,0,0,65.9362912087912
"657",65.55,0,0,0,8,9,0,0,0,65.9362912087912
"658",65.65,0,0,0,8,9,0,0,0,65.9362912087912
"659",65.75,1,1,2,8,9,0.125,0.111111111111111,0.236111111111111,65.9362912087912
"660",65.85,1,0,1,8,8,0.125,0,0.125,65.9689194139194
"661",65.95,3,0,3,7,5,0.428571428571429,0,0.428571428571429,65.9895342752486
"662",66.05,4,2,6,4,3,1,0.666666666666667,1.66666666666667,66.0283333333333
"663",66.15,0,0,0,2,3,0,0,0,70.4129447004608
"664",66.25,0,0,0,2,3,0,0,0,70.4129447004608
"665",66.35,0,0,0,2,3,0,0,0,70.4129447004608
"666",66.45,0,0,0,2,3,0,0,0,70.4129447004608
"667",66.55,0,0,0,2,3,0,0,0,70.4129447004608
"668",66.65,0,0,0,2,3,0,0,0,70.4129447004608
"669",66.75,0,0,0,2,3,0,0,0,70.4129447004608
"670",66.85,0,0,0,2,3,0,0,0,70.4129447004608
"671",66.95,0,0,0,2,3,0,0,0,70.4129447004608
"672",67.05,0,0,0,2,3,0,0,0,70.4129447004608
"673",67.15,0,0,0,2,3,0,0,0,70.4129447004608
"674",67.25,0,0,0,2,3,0,0,0,70.4129447004608
"675",67.35,0,0,0,2,3,0,0,0,70.4129447004608
"676",67.45,0,0,0,2,3,0,0,0,70.4129447004608
"677",67.55,0,0,0,2,3,0,0,0,70.4129447004608
"678",67.65,0,0,0,2,3,0,0,0,70.4129447004608
"679",67.75,0,0,0,2,3,0,0,0,70.4129447004608
"680",67.85,0,0,0,2,3,0,0,0,70.4129447004608
"681",67.95,0,0,0,2,3,0,0,0,70.4129447004608
"682",68.05,0,0,0,2,3,0,0,0,70.4129447004608
"683",68.15,0,0,0,2,3,0,0,0,70.4129447004608
"684",68.25,0,0,0,2,3,0,0,0,70.4129447004608
"685",68.35,0,0,0,2,3,0,0,0,70.4129447004608
"686",68.45,0,0,0,2,3,0,0,0,70.4129447004608
"687",68.55,0,0,0,2,3,0,0,0,70.4129447004608
"688",68.65,0,0,0,2,3,0,0,0,70.4129447004608
"689",68.75,0,0,0,2,3,0,0,0,70.4129447004608
"690",68.85,0,0,0,2,3,0,0,0,70.4129447004608
"691",68.95,0,0,0,2,3,0,0,0,70.4129447004608
"692",69.05,0,0,0,2,3,0,0,0,70.4129447004608
"693",69.15,0,0,0,2,3,0,0,0,70.4129447004608
"694",69.25,0,0,0,2,3,0,0,0,70.4129447004608
"695",69.35,0,0,0,2,3,0,0,0,70.4129447004608
"696",69.45,0,0,0,2,3,0,0,0,70.4129447004608
"697",69.55,0,0,0,2,3,0,0,0,70.4129447004608
"698",69.65,0,0,0,2,3,0,0,0,70.4129447004608
"699",69.75,0,0,0,2,3,0,0,0,70.4129447004608
"700",69.85,0,0,0,2,3,0,0,0,70.4129447004608
"701",69.95,1,0,1,2,2,0.5,0,0.5,70.4129447004608
"702",70.05,0,0,0,1,2,0,0,0,70.9190322580645
"703",70.15,0,0,0,1,2,0,0,0,70.9190322580645
"704",70.25,0,0,0,1,2,0,0,0,70.9190322580645
"705",70.35,0,0,0,1,2,0,0,0,70.9190322580645
"706",70.45,0,0,0,1,2,0,0,0,70.9190322580645
"707",70.55,0,0,0,1,2,0,0,0,70.9190322580645
"708",70.65,0,0,0,1,2,0,0,0,70.9190322580645
"709",70.75,0,0,0,1,2,0,0,0,70.9190322580645
"710",70.85,0,0,0,1,2,0,0,0,70.9190322580645
"711",70.95,1,0,1,1,1,1,0,1,70.9190322580645
