"age","oxy_18"
0.0012,2.63
0.0018,2.51
0.0023,2.52
0.003,2.65
0.0033,2.71
0.0039,2.57
0.0045,2.61
0.0052,2.63
0.0057,2.66
0.0062,2.72
0.0069,2.62
0.0075,2.64
0.008,2.8
0.0084,2.78
0.009,2.78
0.0096,2.7
0.0101,2.79
0.0116,3.02
0.0124,3.31
0.0139,3.45
0.0153,3.68
0.0163,3.86
0.0172,4.17
0.0183,4.41
0.0194,4.27
0.0205,4.31
0.0217,4.28
0.0233,4.09
0.025,4.14
0.0267,4.08
0.0282,4.04
0.0294,4
0.0308,3.98
0.0322,3.99
0.0335,3.9
0.036,3.92
0.0375,3.79
0.0393,3.87
0.041,3.85
0.0426,3.86
0.0448,3.81
0.0468,3.74
0.0489,3.78
0.0506,3.84
0.0524,3.7
0.0541,3.75
0.0559,3.8
0.0572,3.67
0.0599,3.75
0.0621,3.86
0.064,3.7
0.0661,3.86
0.0684,3.87
0.0707,3.71
0.0721,3.58
0.074,3.57
0.0748,3.43
0.0763,3.43
0.0778,3.36
0.0794,3.16
0.081,3.1
0.0828,3.26
0.0851,3.4
0.0861,3.33
0.0884,3.56
0.0903,3.34
0.0926,3.51
0.0938,3.33
0.0954,3.21
0.0974,3.25
0.0991,3.17
0.1007,3.3
0.1039,3.21
0.1061,3.36
0.1071,3.46
0.1091,3.36
0.1105,3.45
0.112,3.25
0.113,3.34
0.114,3.17
0.1154,3.2
0.1162,2.74
0.1177,3.21
0.119,2.5
0.1195,2.59
0.12,2.57
0.1209,2.57
0.1221,2.63
0.1235,2.39
0.1247,2.43
0.1258,2.69
0.1271,2.78
0.1286,3.34
0.1301,3.66
0.1312,4.02
0.1319,4.31
0.133,4.22
0.1337,4.28
0.1344,4.36
0.1354,4.42
0.1362,4.34
0.1381,4.21
0.1391,4.09
0.1407,4.23
0.1416,4.26
0.1429,4.25
0.1442,4.17
0.1456,4.08
0.1474,3.97
0.149,4.05
0.1498,3.82
0.151,3.91
0.1523,4.17
0.1546,4.11
0.1572,4.03
0.1592,3.88
0.1605,3.74
0.1625,3.92
0.1646,3.84
0.167,3.76
0.1692,3.75
0.171,3.48
0.1725,3.71
0.1742,3.64
0.1765,3.69
0.1789,3.86
0.1821,3.67
0.1841,3.96
0.1854,3.68
0.1884,3.53
0.1911,3.27
0.1943,3.06
0.1993,2.93
0.2038,3.32
0.2123,3.03
0.2144,3.27
0.2188,2.97
0.2223,3.43
0.2252,3.8
0.2282,3.69
0.2293,3.67
0.2328,3.51
0.2344,3.3
0.236,3.23
0.2374,3.04
0.2388,2.91
0.2405,2.77
0.242,2.9
0.2442,3.21
0.2461,3.47
0.2483,3.7
0.2494,3.73
0.2513,3.77
0.2524,3.94
0.2539,3.88
0.2558,3.83
0.2573,3.76
0.2588,3.6
0.2622,3.63
0.2643,3.66
0.2663,3.89
0.2673,3.75
0.2687,3.8
0.2695,3.91
0.271,3.77
0.273,3.66
0.2744,3.74
0.276,3.8
0.2778,3.68
0.2791,3.69
0.2808,3.74
0.282,3.58
0.2834,3.45
0.2846,3.35
0.2855,3.25
0.2868,3.19
0.2884,3.21
0.2902,3.28
0.2913,3.34
0.293,3.51
0.2946,3.55
0.2969,3.65
0.2983,3.57
0.2996,3.66
0.3004,3.55
0.3022,3.46
0.303,3.38
0.3049,3.26
0.3068,3.29
0.3103,3.3
0.3153,3.27
0.318,3.1
0.3197,3.32
0.3211,3.15
0.3223,3.15
0.3238,2.91
0.3255,2.7
0.3265,2.63
0.3275,2.59
0.3296,2.64
0.3314,3.03
0.3328,3.18
0.3351,3.36
0.336,3.55
0.3367,3.6
0.3378,4.08
0.3393,4.23
0.3401,4.18
0.3409,4.25
0.3415,4.32
0.3426,4.09
0.3438,4.11
0.3445,4.08
0.3454,4.04
0.3459,4.14
0.3469,4.02
0.3479,3.87
0.3489,3.79
0.3499,3.75
0.3508,3.74
0.3512,3.95
0.3518,3.96
0.3522,3.97
0.3529,3.97
0.3531,3.87
0.3538,3.76
0.3548,3.81
0.3553,3.93
0.3556,3.92
0.3564,3.72
0.3567,3.83
0.3575,3.74
0.3579,3.79
0.3586,3.78
0.3591,3.98
0.3596,4.02
0.3605,3.69
0.361,3.91
0.3617,3.66
0.3622,3.8
0.363,3.8
0.3636,3.61
0.3644,3.66
0.3653,3.54
0.3658,3.61
0.3666,3.57
0.3671,3.61
0.3679,3.5
0.3685,3.37
0.3694,3.5
0.3704,3.56
0.3713,3.61
0.3723,3.55
0.3733,3.53
0.3743,3.39
0.3752,3.56
0.3759,3.61
0.3766,3.58
0.3775,3.48
0.3785,3.43
0.3791,3.47
0.3798,3.4
0.3806,3.3
0.3812,3.32
0.3817,3.31
0.3824,3.61
0.3831,3.48
0.3835,3.39
0.3842,3.31
0.3852,3.13
0.3862,3.12
0.3871,3.23
0.3881,3.09
0.3889,3.11
0.3895,3.08
0.3901,3.09
0.3915,3.06
0.3932,2.93
0.3939,2.95
0.3953,2.82
0.3957,2.98
0.3968,2.87
0.398,2.65
0.3988,2.83
0.3994,2.57
0.4004,2.68
0.4009,2.67
0.4015,2.57
0.4023,2.56
0.4027,2.61
0.4037,2.58
0.4043,2.6
0.4052,2.52
0.4058,2.56
0.4063,2.78
0.4066,2.84
0.4069,2.68
0.4074,2.68
0.4077,2.74
0.4081,2.65
0.4085,2.63
0.4089,2.67
0.4092,2.72
0.4097,2.74
0.4102,2.78
0.4105,2.81
0.4109,2.82
0.4114,2.94
0.4116,2.98
0.4121,2.93
0.4125,2.94
0.4127,3.2
0.4132,3.03
0.4137,3.07
0.414,3.05
0.4148,3.09
0.4155,2.9
0.4167,3.05
0.4173,3.11
0.4185,3.04
0.4189,3.45
0.4194,3.38
0.4202,4
0.4206,3.95
0.4215,3.69
0.4229,3.87
0.4241,3.77
0.4248,3.88
0.426,4.11
0.4275,3.83
0.4286,4.32
0.4299,4.31
0.4312,3.98
0.4325,4.36
0.4336,4.31
0.4348,4.47
0.4359,4.51
0.4364,4.4
0.4369,4.47
0.4378,4.47
0.4385,4.46
0.4392,4.39
0.4401,4.3
0.4406,4.27
0.4411,4.32
0.4418,4.21
0.4426,4.17
0.4434,4.11
0.4439,4.29
0.4449,4.18
0.4456,4.14
0.4464,4.28
0.4469,4.15
0.4476,4.17
0.4484,4.25
0.4489,4.14
0.4496,4.1
0.4502,4.13
0.4509,3.93
0.4514,3.89
0.4519,4.03
0.4525,4.15
0.4532,4.13
0.4535,4.02
0.4544,3.99
0.4551,3.94
0.4556,4.06
0.456,4
0.4567,3.94
0.4575,3.96
0.4582,3.91
0.4587,3.97
0.4596,3.96
0.4603,3.86
0.4613,3.96
0.462,3.88
0.4625,3.84
0.4633,3.8
0.464,3.86
0.4646,3.62
0.4652,3.7
0.466,3.74
0.4667,3.66
0.4672,3.59
0.4681,3.64
0.4686,3.67
0.4692,3.77
0.47,3.65
0.4707,3.74
0.4714,3.75
0.4719,3.78
0.4729,3.69
0.4736,3.59
0.4744,3.59
0.475,3.55
0.4755,3.44
0.4761,3.42
0.4767,3.48
0.4773,3.34
0.478,3.36
0.4786,3.43
0.4792,3.34
0.4798,3.34
0.4804,3.25
0.481,3.15
0.4815,3.18
0.4822,3.09
0.4829,3.24
0.4839,3.16
0.4856,3.13
0.4864,3.25
0.4877,3.21
0.4886,3.24
0.4899,3.19
0.4909,3.25
0.492,3.34
0.4931,3.23
0.4941,3.24
0.4957,3.22
0.4967,3.33
0.4984,3.27
0.5,3.34
0.5014,3.3
0.5027,3.42
0.5042,3.45
0.5057,3.6
0.5079,3.49
0.5102,3.52
0.5117,3.48
0.5132,3.61
0.5143,3.43
0.5161,3.38
0.518,3.52
0.5204,3.42
0.5217,3.72
0.5233,3.39
0.5252,3.61
0.5275,3.57
0.529,3.72
0.531,3.75
0.5326,3.88
0.5344,3.78
0.5357,3.83
0.5371,3.72
0.539,3.76
0.5409,3.79
0.5421,3.77
0.544,3.74
0.5456,3.65
0.5472,3.69
0.549,3.7
0.5505,3.55
0.5521,3.52
0.5545,3.63
0.5566,3.47
0.5596,3.45
0.5628,3.5
0.5657,3.37
0.5688,3.07
0.5707,2.98
0.5732,2.96
0.575,3.43
0.5777,3.46
0.5794,3.45
0.5817,3.54
0.5858,3.62
0.5884,3.3
0.5918,3.37
0.5936,3.22
0.5952,3.18
0.5968,3.23
0.5985,3.12
0.6005,3.35
0.6021,3.47
0.6046,3.32
0.6063,3.27
0.6082,3.26
0.6099,3.25
0.6113,3.23
0.6127,3.21
0.6148,3.22
0.6169,3.07
0.6205,3.5
0.622,3.5
0.6245,4.11
0.6275,4.18
0.63,4.48
0.6324,4.38
0.6343,4.51
0.6369,4.46
0.6391,4.27
0.6419,4.24
0.6452,4.2
0.6483,4.34
0.6505,4.23
0.6525,4.14
0.6551,4.13
0.6578,4.14
0.6603,4.16
0.6621,4.17
0.6638,4.05
0.6661,3.97
0.6681,3.93
0.6705,4.05
0.6727,3.94
0.6742,3.93
0.6763,3.8
0.6785,4.01
0.6806,3.78
0.6829,3.8
0.6847,3.47
0.6864,3.37
0.6889,3.3
0.6913,3.21
0.6937,2.94
0.6976,3.17
0.7015,3.42
0.7058,3.65
0.71,3.72
0.7142,3.62
0.718,3.84
0.7232,3.84
0.7266,3.63
0.73,3.59
0.7345,4.05
0.7387,3.7
0.7438,3.83
0.748,3.75
0.7515,3.8
0.7555,3.56
0.758,3.59
0.7606,3.51
0.7631,3.4
0.766,3.45
0.7688,3.32
0.7705,3.35
0.7738,3.04
0.777,3.06
0.7801,3.1
0.7823,3.13
0.7846,3.1
0.7871,3.24
0.7893,3.7
0.792,3.81
0.7941,4.09
0.7972,4.03
0.7996,3.85
0.8023,3.79
0.805,3.65
0.8077,3.66
0.8101,3.46
0.8144,3.2
0.8171,3.5
0.8224,3.42
0.8264,3.36
0.8315,3.42
0.8359,3.3
0.8397,3.18
0.8448,3.05
0.8484,3.3
0.8525,3.11
0.8564,3.02
0.8599,2.84
0.8615,2.93
0.8637,3.22
0.8663,3.44
0.8708,3.87
0.8742,3.8
0.8783,4.03
0.8824,3.81
0.8846,3.85
0.8868,3.76
0.8895,3.77
0.8915,3.77
0.8944,3.73
0.896,3.52
0.8987,3.63
0.9013,3.46
0.903,3.35
0.9063,3.49
0.9088,3.35
0.9121,3.89
0.9166,3.79
0.9199,3.72
0.9235,3.53
0.9275,3.47
0.9305,3.19
0.9347,3.14
0.9366,3.1
0.9394,3.02
0.9423,2.95
0.946,2.92
0.9491,2.81
0.9515,2.69
0.9537,3.16
0.9565,2.99
0.959,3.59
0.9615,3.8
0.9648,3.64
0.9679,3.46
0.9706,3.37
0.9738,3.22
0.9759,3.13
0.9788,3.33
0.9823,3.57
0.9834,3.46
0.9868,3.26
0.9931,3.17
0.9975,3.45
1.0015,3.43
1.0058,3.4
1.0112,3.39
1.0145,3.42
1.0191,3.2
1.024,3.17
1.0274,3.29
1.0319,3.35
1.0357,3.61
1.0383,3.83
1.0437,3.73
1.048,3.76
1.0506,3.65
1.0535,3.53
1.0567,3.43
1.0595,3.28
1.0639,2.98
1.0677,2.75
1.072,3.04
1.0752,2.92
1.0788,3.05
1.082,3.38
1.086,3.52
1.09,3.51
1.0944,3.51
1.0978,3.14
1.1015,3.09
1.1039,3.08
1.1075,3.18
1.113,3.52
1.1193,3.77
1.1239,3.44
1.1308,3.31
1.1343,3.32
1.1381,3.22
1.1426,3.19
1.1462,3.23
1.1521,3.21
1.1554,3.08
1.1611,3
1.1662,3.26
1.1703,3.56
1.1764,3.6
1.185,3.57
1.1912,3.4
1.1966,3.13
1.207,2.88
1.2157,2.9
1.221,3.21
1.2277,3.53
1.2339,3.54
1.2385,3.72
1.2446,3.37
1.2506,3.24
1.2533,3.08
1.2552,3.08
1.2577,3.1
1.2597,3.22
1.2624,3.31
1.2642,3.34
1.267,3.46
1.2688,3.66
1.2706,3.66
1.2742,3.52
1.2785,3.33
1.2797,3.38
1.2833,3.41
1.2851,3.37
1.2879,3.29
1.29,3.06
1.2916,3.16
1.2948,3.06
1.2969,2.94
1.2997,3.2
1.3057,3.17
1.3115,3.29
1.3179,3.47
1.3263,3.06
1.3344,2.95
1.3402,2.86
1.3448,2.92
1.3502,3.27
1.3545,3.53
1.3612,3.43
1.3698,3.26
1.377,2.97
1.3849,2.94
1.3906,2.8
1.3959,3.04
1.4011,3.14
1.4064,3.59
1.4105,3.3
1.4157,2.99
1.4192,2.89
1.4235,2.86
1.4278,2.89
1.4325,2.88
1.4357,2.89
1.4393,2.85
1.4427,2.67
1.4469,3.37
1.4529,3.52
1.4585,3.3
1.4636,3.13
1.4686,3.06
1.4734,2.85
1.4787,2.8
1.4837,2.96
1.4883,3.4
1.4942,3.49
1.5001,3.38
1.5063,3.18
1.5103,3.13
1.5149,3.07
1.5192,3.12
1.5261,3.3
1.5331,3.5
1.5391,3.58
1.5457,3.27
1.5496,3.27
1.5549,3.19
1.5586,3.13
1.563,3.15
1.5671,3.3
1.5712,3.33
1.5765,3.21
1.5804,3.18
1.5855,3.31
1.5902,3.22
1.5949,3.03
1.5993,3.01
1.6053,3.07
1.6111,3.17
1.6146,3.23
1.6195,3.16
1.6231,3.19
1.6269,3.07
1.6328,2.96
1.6374,3.06
1.6428,3.06
1.6465,3.32
1.6509,3.53
1.6541,3.41
1.6623,3.41
1.6694,3.47
1.6725,3.25
1.6778,3.02
1.6843,3.18
1.6885,2.99
1.6929,3.04
1.6954,3.17
1.6998,3.29
1.7051,3.46
1.7103,3.46
1.7157,3.34
1.7225,3.12
1.7279,3.18
1.7345,3.14
1.7397,3.08
1.7434,3.1
1.7476,3.24
1.7537,3.19
1.7572,3.23
1.7598,3.23
1.7639,2.95
1.7676,2.92
1.7728,2.95
1.7766,2.87
1.7806,3.13
1.7842,3.14
1.7868,3.19
1.7912,3.33
1.7953,3.29
1.8008,3.07
1.8039,3.06
1.8078,3.04
1.8121,3.09
1.8165,3.17
1.8221,3.13
1.8277,3.1
1.8327,3.14
1.8382,3.03
1.8423,3.11
1.8494,3.06
1.8541,2.95
1.8605,3.13
1.8635,3.11
1.8676,3.14
1.8713,3.06
1.8763,3.07
1.8801,2.97
1.8843,3.01
1.8893,2.85
1.8941,2.84
1.8997,3.18
1.906,3.25
1.9097,3.52
1.9157,3.35
1.9208,3.18
1.9263,3.34
1.9346,3.05
1.9393,3.01
1.9444,2.98
1.949,3.23
1.9555,3.22
1.9607,3.09
1.9665,2.99
1.97,2.92
1.9745,2.89
1.9798,3.22
1.9861,3.29
1.9895,3.28
1.9954,3.16
2.0005,3.13
2.0056,2.97
2.0107,2.96
2.0184,3.13
2.0262,2.97
2.0311,3.15
2.0348,3.08
2.0402,3.03
2.0496,3.05
2.055,3.12
2.0597,3.19
2.0712,3.16
2.0809,3.19
2.0919,3.05
2.0981,3.2
2.1081,3.07
2.1159,3.09
2.125,2.93
2.1304,2.85
2.1417,3.2
2.1502,3.5
2.1573,3.26
2.1649,3.11
2.1711,3.09
2.1751,3.02
2.1807,2.91
2.1842,3.04
2.1895,3.1
2.1955,3.15
2.2012,2.9
2.2082,2.82
2.2123,2.99
2.2209,2.89
2.2291,3.02
2.2392,3.14
2.2503,2.79
2.2579,2.69
2.2635,2.97
2.2708,3.2
2.2787,3.08
2.2894,2.96
2.2963,2.81
2.3025,2.79
2.3094,3.13
2.3182,3.22
2.3255,3
2.3349,3.03
2.3434,2.99
2.3527,3.08
2.3612,3.2
2.3744,2.88
2.3882,2.95
2.3967,3.1
2.4037,3.31
2.4104,3.19
2.4156,2.87
2.4245,2.86
2.4297,3.11
2.4362,3.36
2.4441,3.23
2.4506,3.06
2.4558,2.82
2.4655,2.83
2.472,3.09
2.4764,3.12
2.4828,3.21
2.4885,3.19
2.4958,2.86
2.5057,2.89
2.5112,3.22
2.5152,3.12
2.5186,3.15
2.5223,3.09
2.5293,3.03
2.5379,2.82
2.5486,2.72
2.5585,2.81
2.5673,2.77
2.5771,2.84
2.586,2.94
2.5939,3.09
2.6033,3.14
2.6102,2.92
2.6216,2.68
2.6285,2.95
2.6362,2.69
2.6429,3
2.6497,2.98
2.6615,2.68
2.6751,2.79
2.6827,2.89
2.6912,2.98
2.6995,3.1
2.7056,2.94
2.7155,3.15
2.7225,3.06
2.7316,2.64
2.7377,2.61
2.7419,2.64
2.75,2.55
2.759,2.73
2.7822,2.77
2.8076,3
2.8218,2.87
2.8316,2.86
2.8416,2.72
2.848,2.8
2.8591,2.69
2.8742,2.77
2.8837,2.88
2.8955,2.85
2.9047,2.78
2.9137,2.82
2.9208,2.95
2.934,2.72
2.9481,2.56
2.9531,2.72
2.9673,2.58
2.9814,2.45
2.9937,2.78
3.0077,2.78
3.0172,2.76
3.0308,2.81
3.0429,2.71
3.0636,2.75
3.0745,2.68
3.0834,2.63
3.0953,2.6
3.1081,2.76
3.1187,2.64
3.1312,2.85
3.1362,2.68
3.1446,2.68
3.1535,2.6
3.1666,2.71
3.1761,2.57
3.1838,2.42
3.1868,2.56
3.1895,2.44
3.1926,2.46
3.1955,2.52
3.1986,2.56
3.2012,2.45
3.2028,2.54
3.2067,2.6
3.2096,2.51
3.2137,2.49
3.218,2.37
3.2204,2.48
3.2232,2.42
3.2271,2.57
3.2304,2.47
3.2334,2.53
3.2353,2.66
3.24,2.6
3.2428,2.42
3.2457,2.47
3.2505,2.55
3.2552,2.6
3.2595,2.5
3.2634,2.67
3.271,2.61
3.2853,2.45
3.2965,2.94
3.3112,2.99
3.3237,2.71
3.3302,2.71
3.3421,2.64
3.3513,2.52
3.3619,2.66
3.3726,2.61
3.3832,2.57
3.3905,2.54
3.3988,2.54
3.4045,2.55
3.4151,2.36
3.4261,2.49
3.4388,2.5
3.4473,2.41
3.463,2.56
3.479,2.46
3.4896,2.2
3.506,2.27
3.5215,2.5
3.5322,2.44
3.5481,2.36
3.5641,2.48
3.5788,2.35
3.5899,2.36
3.6024,2.56
3.6157,2.28
3.6256,2.35
3.6354,2.52
3.6453,2.86
3.6581,2.55
3.6748,2.5
3.6847,2.62
3.6945,2.64
3.7054,2.34
3.7191,2.43
3.7272,2.58
3.7435,2.62
3.7543,2.51
3.7733,2.52
3.7832,2.45
3.8007,2.39
3.8055,2.47
3.8213,2.49
3.8314,2.42
3.8423,2.56
3.8587,2.51
3.8695,2.49
3.8817,2.57
3.8963,2.45
3.9076,2.48
3.9211,2.46
3.9398,2.49
3.9506,2.35
3.9605,2.29
3.9682,2.35
3.977,2.46
3.9871,2.47
3.9999,2.48
4.0112,2.52
4.023,2.37
4.0375,2.43
4.0483,2.38
4.059,2.6
4.0688,2.6
4.0885,2.56
4.0984,2.42
4.1069,2.36
4.1137,2.5
4.1279,2.45
4.1378,2.29
4.1439,2.28
4.1528,2.35
4.1624,2.49
4.1707,2.42
4.1802,2.51
4.1871,2.42
4.2004,2.36
4.2135,2.39
4.2252,2.38
4.234,2.37
4.2435,2.43
4.2569,2.38
4.2692,2.5
4.2787,2.39
4.2897,2.39
4.3,2.28
4.3149,2.37
4.3249,2.27
4.3406,2.4
4.3508,2.26
4.361,2.3
4.3742,2.29
4.3971,2.41
4.4117,2.31
4.4321,2.38
4.4524,2.21
4.4727,2.36
4.4861,2.34
4.5029,2.29
4.5226,2.43
4.5352,2.41
4.562,2.4
4.5817,2.38
4.5948,2.39
4.6064,2.41
4.6211,2.52
4.6415,2.32
4.6573,2.39
4.6676,2.38
4.6813,2.44
4.6895,2.41
4.7045,2.44
4.7191,2.49
4.7479,2.36
4.768,2.43
4.7885,2.46
4.8101,2.26
4.8406,2.63
4.8637,2.45
4.8894,2.5
4.9253,2.27
4.9465,2.33
4.9683,2.17
4.9858,2.19
5.0065,2.29
5.016,2.29
5.04,2.21
5.0565,2.32
5.0827,2.38
5.1041,2.35
5.141,2.32
5.165,2.15
5.182,2.21
5.197,2.15
5.2266,2.14
5.254,2.24
5.2852,2.25
5.3064,2.31
5.3409,2.22
5.3665,2.33
5.3944,2.35
5.4276,2.26
5.4557,2.32
5.4827,2.31
5.5014,2.42
5.5239,2.34
5.5475,2.36
5.5595,2.33
5.5715,2.29
5.585,2.26
5.6024,2.25
5.6196,2.5
5.6262,2.42
5.6436,2.3
5.6545,2.48
5.6644,2.48
5.6818,2.42
5.7028,2.32
5.7165,2.43
5.7303,2.41
5.7562,2.48
5.7758,2.35
5.7991,2.39
5.8239,2.31
5.8458,2.39
5.8568,2.64
5.8679,2.39
5.8766,2.57
5.8817,2.52
5.8903,2.45
5.8954,2.5
5.9204,2.35
5.9387,2.41
5.9424,2.42
5.9461,2.41
5.9499,2.34
5.9523,2.37
5.9598,2.41
5.978,2.42
5.9917,2.42
6.0069,2.47
6.0194,2.26
6.0374,2.48
6.0573,2.45
6.0715,2.51
6.088,2.47
6.106,2.4
6.1182,2.51
6.1303,2.46
6.1425,2.53
6.1547,2.39
6.1668,2.41
6.1775,2.46
6.1868,2.42
6.1926,2.4
6.2033,2.43
6.2161,2.33
6.2277,2.4
6.2378,2.4
6.252,2.33
6.2643,2.49
6.2888,2.3
6.3119,2.28
6.3256,2.28
6.3501,2.37
6.3747,2.19
6.3984,2.32
6.4235,2.18
6.4379,2.37
6.4628,2.19
6.4926,2.33
6.5068,2.27
6.5378,2.03
6.5628,2.22
6.5774,2.27
6.6164,2.14
6.6451,2.3
6.6623,2.35
6.6764,2.34
6.6906,2.2
6.7061,2.33
6.733,2.23
6.7466,2.21
6.7589,2.29
6.7754,2.21
6.8027,2.26
6.8178,2.25
6.829,2.24
6.8418,2.46
6.8602,2.31
6.8941,2.25
6.9149,2.16
6.928,2.34
6.945,2.28
6.973,2.3
6.9999,2.23
7.0298,2.43
7.0383,2.04
7.0637,2.36
7.0891,2.28
7.1146,2.34
7.14,2.22
7.1566,2.41
7.1709,2.31
7.1899,2.31
7.2065,2.29
7.2234,2.38
7.2328,2.3
7.247,2.28
7.2612,2.29
7.2752,2.29
7.2861,2.4
7.2943,2.38
7.3226,2.23
7.3542,2.33
7.4332,2.42
7.4806,2.31
7.5218,2.46
7.5423,2.41
7.5715,2.47
7.6052,2.39
7.642,2.33
7.6575,2.43
7.6723,2.25
7.6874,2.22
7.7142,2.3
7.7718,2.23
7.8295,2.32
7.8679,2.17
7.9159,2.17
7.9543,2.42
8.0216,2.37
8.0918,2.2
8.1289,2.33
8.1914,2.36
8.2575,2.36
8.2923,2.26
8.3315,2.32
8.3804,2.23
8.4156,2.3
8.4376,2.32
8.4723,2.25
8.5489,2.23
8.602,2.22
8.664,2.38
8.7133,2.32
8.7796,2.25
8.8115,2.38
8.8539,2.33
8.907,2.44
8.96,2.21
9.0008,2.35
9.0271,2.19
9.0535,2.27
9.0848,2.31
9.1087,2.19
9.1571,2.23
9.194,2.23
9.2264,2.22
9.2619,2.19
9.3013,2.2
9.3336,2.3
9.363,2.27
9.3874,2.22
9.4178,2.32
9.4414,2.2
9.4659,2.21
9.4966,2.22
9.5384,2.06
9.5629,2.35
9.609,2.24
9.6442,2.06
9.6696,2.16
9.6938,2.25
9.7222,2.09
9.7428,2.01
9.7687,2.07
9.7874,2.14
9.8547,2.16
9.9303,2.23
9.9976,2.22
10.0312,2.13
10.0901,2.06
10.1489,2.1
10.1836,2.15
10.2246,2.19
10.266,2.14
10.2968,2.43
10.3254,2.27
10.3507,2.26
10.3843,2.35
10.4263,2.33
10.4684,2.42
10.502,2.29
10.544,2.26
10.5692,2.12
10.6296,2.18
10.6701,2.12
10.7314,2.28
10.8382,2.24
10.8887,2.25
10.9223,2.19
10.9896,2.08
11.0383,2.11
11.0705,2.29
11.0983,2.07
11.1115,2.11
11.1252,2.02
11.1425,2.16
11.1631,2.1
11.1813,2.12
11.2086,2.09
11.2358,2.29
11.278,2.2
11.3089,2.07
11.3358,2.15
11.362,2.04
11.3768,2.13
11.4065,2.11
11.4358,2.18
11.4725,2.39
11.4999,2.34
11.5449,2.14
11.5682,2.22
11.5813,2.18
11.6107,2.21
11.6401,2.12
11.6749,2.25
11.701,2.15
11.7184,2.22
11.7444,2.13
11.7705,2.24
11.7893,2.18
11.811,2.3
11.8314,2.22
11.8575,2.21
11.8749,2.1
11.8902,2.34
11.9097,2.13
11.9298,2.37
11.9618,2.16
11.9792,2.25
11.9957,2.19
12.0197,1.92
12.0367,2.14
12.048,1.94
12.0696,1.91
12.0775,2.11
12.091,2.11
12.1025,2.1
12.116,2.02
12.13,2.33
12.1468,2.15
12.172,2.18
12.2049,2.21
12.2463,2.09
12.295,2.14
12.303,2.35
12.3626,2.27
12.393,2.25
12.4243,2.28
12.4521,2.18
12.4799,2.04
12.4984,2.16
12.5354,2.08
12.5632,2.1
12.5879,2.01
12.6281,1.99
12.6726,1.97
12.6913,2.06
12.7022,2.13
12.7175,2.1
12.7417,2.08
12.765,2.1
12.774,2.28
12.788,2.22
12.7956,2.11
12.8118,2.16
12.8266,2.18
12.849,2.13
12.8606,1.95
12.8767,2.11
12.8845,2.02
12.8911,2.06
12.9041,2.1
12.9138,2.15
12.921,2.19
12.9302,2.08
12.9385,2.07
12.9476,2.04
12.9563,2.08
12.9628,1.93
12.972,1.88
12.981,1.92
12.9863,2.13
12.9951,1.98
12.9996,1.97
13.007,1.94
13.0085,2.17
13.0161,2.06
13.0298,1.95
13.0371,1.9
13.0523,1.93
13.065,2.16
13.0803,2.12
13.099,1.98
13.1363,1.9
13.1569,1.89
13.183,1.92
13.1944,1.5
13.2222,1.84
13.2417,1.79
13.2629,1.62
13.2903,1.59
13.3097,1.84
13.3201,1.82
13.3494,2.02
13.3758,1.94
13.3962,1.99
13.4235,1.8
13.4416,1.87
13.4564,2.02
13.4778,1.89
13.4961,2.03
13.5233,1.96
13.5615,1.92
13.5869,2.03
13.6072,2
13.6218,2.1
13.633,1.95
13.6388,2.01
13.6499,2.08
13.6667,2.03
13.6812,2.02
13.6891,2.07
13.7041,1.79
13.7172,1.84
13.7305,1.96
13.7456,1.75
13.7688,1.74
13.7814,1.81
13.8081,1.91
13.8085,1.93
13.8095,1.82
13.8104,1.82
13.8143,1.82
13.8158,1.89
13.8173,1.83
13.824,1.83
13.8543,1.8
13.8821,1.72
13.9024,1.65
13.9284,1.42
13.9469,1.54
13.974,1.7
14.0098,1.52
14.0326,1.35
14.0815,1.69
14.1096,1.59
14.1329,1.69
14.1736,1.64
14.1942,1.51
14.2216,1.62
14.2529,1.56
14.2833,1.53
14.3206,1.6
14.3539,1.54
14.4062,1.58
14.4321,1.61
14.4843,1.48
14.5239,1.31
14.5474,1.35
14.5994,1.4
14.6293,1.5
14.6665,1.44
14.6793,1.34
14.7117,1.37
14.743,1.47
14.7754,1.41
14.8083,1.42
14.8379,1.29
14.8667,1.29
14.8897,1.37
14.9135,1.49
14.9366,1.38
14.963,1.52
14.9864,1.36
15.0138,1.22
15.0331,1.32
15.0503,1.29
15.0777,1.46
15.1113,1.29
15.1417,1.23
15.1857,1.21
15.2114,1.23
15.2371,1.27
15.2628,1.29
15.28,1.32
15.2971,1.33
15.3142,1.16
15.3314,1.09
15.3485,1.39
15.3742,1.31
15.3914,1.18
15.4085,1.48
15.4331,1.43
15.4585,1.3
15.477,1.43
15.4942,1.29
15.5144,1.34
15.5328,1.38
15.5542,1.24
15.5713,1.49
15.5912,1.55
15.613,1.35
15.63,1.29
15.6484,1.35
15.6655,1.46
15.6912,1.51
15.7058,1.36
15.7269,1.4
15.748,1.29
15.7855,1.34
15.8295,1.21
15.8782,1.45
15.9055,1.43
15.9226,1.47
15.9484,1.31
15.9693,1.46
15.9919,1.44
16.0154,1.34
16.0341,1.45
16.0615,1.45
16.0896,1.34
16.1014,1.4
16.1197,1.34
16.14,1.55
16.1553,1.25
16.187,1.45
16.2016,1.31
16.2248,1.27
16.2406,1.31
16.268,1.32
16.3,1.26
16.3177,1.23
16.34,1.22
16.3627,1.29
16.387,1.15
16.4059,1.46
16.4223,1.26
16.4422,1.1
16.46,1.32
16.49,1.29
16.53,1.3
16.5531,1.42
16.5925,1.24
16.6419,1.25
16.6716,1.43
16.7032,1.35
16.7384,1.35
16.7646,1.44
16.7907,1.32
16.8174,1.42
16.8623,1.53
16.89,1.31
16.904,1.51
16.9301,1.45
16.97,1.61
17,1.6
17.03,1.51
17.06,1.51
17.0956,1.51
17.12,1.53
17.1566,1.36
17.19,1.49
17.23,1.78
17.26,1.74
17.2892,1.85
17.32,1.6
17.3434,1.64
17.3975,1.68
17.4375,1.7
17.49,1.75
17.524,1.55
17.55,1.67
17.5724,1.53
17.5916,1.6
17.64,1.66
17.6732,1.47
17.71,1.58
17.7475,1.53
17.79,1.71
17.8152,1.39
17.8445,1.62
17.8741,1.77
17.9069,1.48
17.93,1.55
17.9582,1.45
17.98,1.48
18,1.65
18.02,1.64
18.0493,1.6
18.0588,1.42
18.08,1.35
18.0916,1.33
18.1232,1.37
18.14,1.57
18.1538,1.47
18.17,1.34
18.1835,1.37
18.1988,1.24
18.2151,1.4
18.2304,1.38
18.25,1.46
18.26,1.45
18.2716,1.28
18.29,1.27
18.3102,1.36
18.33,1.48
18.3443,1.45
18.36,1.53
18.36,1.56
18.36,1.63
18.3625,1.71
18.3654,1.77
18.3739,1.72
18.39,1.33
18.4004,1.49
18.4162,1.52
18.4305,1.61
18.45,1.51
18.4679,1.57
18.49,1.43
18.52,1.7
18.5536,1.66
18.5775,1.39
18.599,1.51
18.6101,1.47
18.6221,1.39
18.635,1.59
18.6522,1.27
18.67,1.3
18.68,1.56
18.695,1.49
18.7105,1.46
18.7277,1.49
18.7337,1.41
18.75,1.47
18.76,1.47
18.7704,1.67
18.787,1.38
18.8044,1.7
18.83,1.67
18.85,1.54
18.87,1.36
18.8882,1.53
18.9081,1.38
18.9296,1.72
18.94,1.51
18.9535,1.38
18.9654,1.69
18.9782,1.49
18.994,1.57
19.01,1.4
19.0225,1.53
19.04,1.51
19.0556,1.42
19.07,1.4
19.0869,1.68
19.1025,1.45
19.1244,1.42
19.1356,1.57
19.16,1.57
19.18,1.68
19.2,1.67
19.2203,1.65
19.234,1.52
19.2518,1.35
19.2696,1.21
19.2882,1.46
19.31,1.55
19.3263,1.46
19.3472,1.69
19.361,1.79
19.38,1.7
19.3933,1.61
19.41,1.53
19.423,1.75
19.45,1.68
19.47,1.68
19.486,1.7
19.5036,1.5
19.5286,1.62
19.5417,1.62
19.566,1.72
19.58,1.49
19.5995,1.48
19.616,1.38
19.64,1.51
19.6518,1.46
19.67,1.45
19.69,1.84
19.69,1.85
19.6918,1.88
19.6973,1.78
19.71,1.72
19.7222,1.67
19.745,1.61
19.7669,1.63
19.7926,1.46
19.8149,1.55
19.8305,1.51
19.848,1.66
19.8656,1.27
19.89,1.64
19.92,1.62
19.9406,1.77
19.9517,1.51
19.9658,1.49
19.9851,1.64
19.9921,1.36
20.0003,1.29
20.0173,1.42
20.03,1.31
20.0497,1.4
20.0634,1.45
20.0712,1.37
20.0833,1.34
20.1,1.73
20.1273,1.5
20.1574,1.43
20.1734,1.68
20.1883,1.63
20.2,1.5
20.21,1.62
20.23,1.38
20.2483,1.48
20.273,1.22
20.2914,1.4
20.31,1.28
20.33,1.55
20.35,1.45
20.3671,1.41
20.3854,1.38
20.4001,1.39
20.4259,1.47
20.448,1.32
20.47,1.39
20.4881,1.32
20.5027,1.45
20.529,1.26
20.544,1.47
20.56,1.57
20.5781,1.5
20.6,1.34
20.6171,1.53
20.63,1.53
20.6433,1.7
20.6607,1.68
20.6625,1.75
20.6653,1.85
20.668,1.8
20.6681,1.74
20.6779,1.7
20.7,1.58
20.7203,1.44
20.74,1.49
20.7552,1.61
20.7681,1.4
20.78,1.43
20.81,1.19
20.83,1.23
20.8581,1.34
20.88,1.31
20.9094,1.66
20.9325,1.68
20.9675,1.52
20.9839,1.66
21.005,1.68
21.0266,1.79
21.0471,1.6
21.0763,1.53
21.0936,1.55
21.121,1.67
21.1311,1.5
21.14,1.5
21.1559,1.57
21.173,1.59
21.2004,1.29
21.22,1.45
21.2361,1.36
21.2587,1.52
21.2773,1.2
21.3003,1.35
21.3233,1.46
21.3443,1.44
21.36,1.61
21.3773,1.47
21.392,1.4
21.41,1.46
21.43,1.34
21.443,1.24
21.4534,1.34
21.47,1.15
21.483,1.27
21.4972,1.26
21.5149,1.31
21.53,1.15
21.5476,1.24
21.5622,1.12
21.576,1.43
21.589,1.25
21.6,1.2
21.611,1.15
21.624,1.44
21.6304,1.31
21.642,1.26
21.656,1.33
21.6682,1.21
21.6837,1.13
21.6936,1.13
21.704,1.24
21.717,1.22
21.726,1.17
21.739,1.17
21.75,1.21
21.76,1.26
21.772,1.32
21.784,1.37
21.7921,1.34
21.8043,1.36
21.818,1.34
21.8296,1.36
21.8472,1.31
21.8651,1.2
21.8828,1.37
21.894,1.26
21.906,1.31
21.9189,1.27
21.9332,1.44
21.9453,1.56
21.9588,1.48
21.9697,1.39
21.9807,1.45
21.99,1.39
22,1.32
22.0245,1.14
22.0347,1.2
22.051,1.21
22.067,1.41
22.0841,1.46
22.0982,1.41
22.1109,1.36
22.1233,1.54
22.1302,1.59
22.14,1.6
22.1496,1.51
22.1598,1.66
22.1722,1.49
22.1879,1.54
22.2038,1.46
22.2201,1.5
22.2336,1.56
22.2459,1.53
22.26,1.66
22.27,1.69
22.28,1.76
22.29,1.54
22.3046,1.55
22.32,1.38
22.3326,1.55
22.3481,1.39
22.3572,1.39
22.367,1.44
22.3793,1.32
22.3881,1.37
22.4,1.47
22.41,1.5
22.42,1.47
22.4308,1.52
22.4408,1.44
22.45,1.56
22.46,1.67
22.4697,1.43
22.48,1.41
22.491,1.22
22.4949,1.24
22.4949,1.73
22.5043,1.48
22.52,1.4
22.5299,1.64
22.5377,1.75
22.55,1.71
22.5566,1.6
22.5654,1.41
22.5709,1.77
22.5883,1.44
22.5988,1.57
22.605,1.39
22.6145,1.56
22.624,1.58
22.6343,1.31
22.6495,1.48
22.66,1.38
22.67,1.53
22.68,1.68
22.6954,1.59
22.703,1.45
22.71,1.57
22.72,1.61
22.7287,1.62
22.7361,1.53
22.7428,1.51
22.752,1.56
22.7623,1.63
22.77,1.64
22.78,1.46
22.7886,1.49
22.7919,1.44
22.8,1.58
22.8096,1.54
22.818,1.64
22.83,1.74
22.8485,1.63
22.86,1.61
22.87,1.82
22.878,1.62
22.885,1.74
22.8928,1.61
22.9041,1.55
22.91,1.71
22.9181,1.73
22.93,1.42
22.9398,1.76
22.9463,1.57
22.954,1.72
22.96,1.79
22.9692,1.68
22.978,1.59
22.9891,1.64
22.9936,1.6
23.0033,1.81
23.0107,1.71
23.018,1.57
23.0279,1.85
23.034,1.58
23.043,1.78
23.0537,1.71
23.0601,1.79
23.0664,1.88
23.0755,1.81
23.0846,2.05
23.0937,2.25
23.1019,1.77
23.112,1.63
23.1191,1.68
23.1262,1.57
23.1393,1.53
23.1484,1.47
23.1584,1.49
23.1675,1.37
23.1757,1.43
23.1848,1.62
23.1939,1.5
23.203,1.52
23.2121,1.27
23.2212,1.4
23.2296,1.51
23.2379,1.42
23.2493,1.15
23.2588,1.19
23.2682,1.3
23.2785,1.27
23.2872,1.24
23.2996,1.34
23.3103,1.41
23.3174,1.28
23.3305,1.41
23.3409,1.23
23.3487,1.22
23.3582,1.5
23.367,1.22
23.3808,1.23
23.3885,1.26
23.3988,1.1
23.4119,1.45
23.4214,1.24
23.4284,1.38
23.438,1.35
23.4457,1.36
23.4558,1.27
23.4633,1.39
23.4761,1.44
23.4851,1.41
23.4926,1.44
23.5013,1.29
23.5091,1.48
23.5183,1.56
23.5274,1.46
23.5366,1.29
23.5458,1.46
23.554,1.39
23.5641,1.08
23.5705,1.31
23.5822,1.27
23.5916,1.39
23.6008,1.35
23.6076,1.17
23.6154,1.25
23.6219,1.4
23.6283,1.26
23.6375,1.31
23.6466,1.13
23.6549,1.34
23.6613,1.25
23.6677,1.21
23.6741,1.19
23.6814,1.09
23.6882,1.24
23.6971,1.24
23.7052,1.2
23.7117,1.27
23.7218,1.17
23.7301,1.34
23.7385,1.31
23.7475,1.16
23.7576,1.22
23.7658,1.25
23.7741,1.22
23.7811,1.13
23.7924,1.13
23.8025,1.37
23.8107,1.2
23.8208,1.08
23.83,1.34
23.8392,1.27
23.8474,1.34
23.8557,1.3
23.8657,1.34
23.871,1.23
23.8771,1.22
23.885,1.28
23.8943,1.32
23.9024,1.4
23.9125,1.24
23.9208,1.31
23.9273,1.1
23.9337,1.25
23.9446,1.25
23.9556,1.39
23.962,1.24
23.978,1.17
23.9876,1.21
23.9992,1.1
24.0055,1.15
24.0162,1.02
24.0235,0.97
24.0371,1.25
24.0503,1.12
24.0577,1.22
24.0663,1.05
24.0795,1.37
24.0918,1.18
24.1122,1.14
24.1297,1.31
24.1445,1.2
24.1618,1.09
24.1755,1.2
24.1916,1.23
24.203,1.15
24.2173,1.45
24.2394,1.24
24.253,1.19
24.2647,1.12
24.2766,1.15
24.2895,0.95
24.3002,1.13
24.3117,1.03
24.3256,1.37
24.3258,1.5
24.3262,1.61
24.3265,1.53
24.3265,1.53
24.3329,1.44
24.344,1.24
24.3551,1.37
24.3652,1.28
24.3763,1.36
24.3846,1.39
24.392,1.27
24.4022,1.18
24.4133,1.3
24.4244,1.22
24.4377,1.3
24.4502,1.35
24.4679,1.13
24.4794,1.21
24.4948,1.4
24.5065,1.2
24.5187,1.21
24.5327,1.21
24.546,1.3
24.5593,1.24
24.5753,1.27
24.5858,1.25
24.5972,1.31
24.6087,1.17
24.6202,1.1
24.6354,1.16
24.6473,1.31
24.6646,1.44
24.676,1.36
24.688,1.48
24.7019,1.24
24.7161,1.32
24.7264,1.33
24.7392,1.5
24.7521,1.33
24.7657,1.35
24.7777,1.47
24.7859,1.34
24.7992,1.4
24.8072,1.42
24.815,1.35
24.8255,1.1
24.8355,1.53
24.8434,1.27
24.8527,1.35
24.8613,1.65
24.8696,1.37
24.8798,1.31
24.893,1.39
24.9061,1.41
24.9201,1.32
24.9355,1.51
24.9474,1.54
24.9609,1.52
24.9833,1.76
25.0029,1.51
25.0197,1.46
25.0345,1.51
25.0503,1.32
25.067,1.54
25.0796,1.47
25.0935,1.51
25.1116,1.33
25.1283,1.29
25.147,1.5
25.1619,1.18
25.176,1.27
25.1929,1.28
25.2103,1.31
25.2326,1.28
25.2475,1.15
25.2633,1.48
25.284,1.4
25.2855,1.52
25.2855,1.42
25.2855,1.44
25.2892,1.55
25.2892,1.49
25.2898,1.64
25.2929,1.66
25.2929,1.65
25.2941,1.64
25.2944,1.53
25.3074,1.51
25.3251,1.39
25.3399,1.42
25.3546,1.47
25.3736,1.33
25.3943,1.31
25.4263,1.25
25.4415,1.5
25.4585,1.48
25.4723,1.59
25.4834,1.52
25.4918,1.41
25.5049,1.48
25.5146,1.34
25.526,1.3
25.5366,1.44
25.5493,1.38
25.5587,1.41
25.5674,1.51
25.579,1.52
25.5947,1.74
25.6102,1.44
25.626,1.6
25.6398,1.6
25.6572,1.62
25.6734,1.57
25.6906,1.49
25.7051,1.5
25.7211,1.55
25.7373,1.62
25.7505,1.52
25.7603,1.52
25.7704,1.38
25.786,1.52
25.7952,1.59
25.8034,1.54
25.8118,1.48
25.8245,1.42
25.8348,1.33
25.8467,1.47
25.8596,1.46
25.8739,1.54
25.8918,1.43
25.9047,1.58
25.9203,1.52
25.9349,1.44
25.9505,1.64
25.966,1.5
25.9816,1.54
25.9926,1.42
26.0097,1.49
26.0219,1.38
26.0418,1.46
26.053,1.49
26.0667,1.2
26.0841,1.72
26.1024,1.42
26.1189,1.61
26.1379,1.27
26.1555,1.59
26.1729,1.76
26.1808,1.73
26.1932,1.67
26.2122,1.67
26.2241,1.66
26.234,1.84
26.2461,2.09
26.2626,1.65
26.2748,1.72
26.2845,1.76
26.2937,1.71
26.3069,1.68
26.317,1.64
26.3294,1.57
26.3431,1.64
26.3587,1.99
26.3757,1.7
26.4026,1.76
26.4178,1.83
26.4303,1.8
26.4423,1.77
26.4584,1.96
26.475,1.88
26.4933,1.83
26.5059,1.89
26.5223,1.75
26.5369,1.7
26.5567,1.72
26.5942,2.13
26.641,1.81
26.6887,1.68
26.7189,1.95
26.7442,2.16
26.7442,2.16
26.7442,2.2
26.7442,2.19
26.7598,1.94
26.8104,1.9
26.8542,2.06
26.8892,1.8
26.9195,1.82
26.9613,1.74
27.0005,2.04
27.0548,1.84
27.0996,1.8
27.1347,1.88
27.1639,1.69
27.1882,1.89
27.2116,1.89
27.233,1.75
27.2495,2.14
27.2641,1.83
27.2836,1.88
27.3128,1.93
27.3537,1.91
27.3975,2.04
27.4297,1.62
27.4706,1.71
27.4968,2.04
27.5143,1.79
27.5505,2.15
27.5829,2.01
27.6244,1.94
27.6541,1.86
27.6828,1.92
27.7087,1.87
27.7373,1.9
27.7719,1.75
27.7976,1.87
27.8316,1.67
27.8651,1.59
27.8961,1.78
27.9302,1.91
27.9699,1.95
28.0025,1.61
28.0463,1.63
28.0687,1.63
28.1124,1.72
28.1411,1.61
28.1834,1.6
28.2296,1.64
28.2727,1.85
28.3069,1.8
28.3278,1.74
28.3567,1.77
28.3918,1.73
28.4283,1.94
28.4567,1.87
28.49,1.76
28.5172,1.91
28.5621,1.78
28.5935,2.05
28.6165,1.68
28.6322,1.92
28.6793,1.79
28.7109,1.82
28.7499,1.85
28.7891,1.87
28.8239,1.97
28.8267,2.02
28.8298,2.03
28.8319,1.99
28.8361,1.93
28.8591,1.79
28.8869,1.91
28.9219,1.73
28.9468,1.66
28.9658,1.81
28.9857,1.76
29.0158,1.64
29.0275,1.59
29.0474,1.61
29.0716,1.57
29.089,1.7
29.1195,1.78
29.1634,1.6
29.1898,1.51
29.2131,1.61
29.2495,1.61
29.2863,1.7
29.3297,1.63
29.3545,1.51
29.3721,1.65
29.401,1.57
29.4512,1.6
29.4932,1.57
29.523,1.56
29.5652,1.47
29.6038,1.55
29.6249,1.69
29.6673,1.82
29.7035,1.65
29.7247,1.75
29.7443,1.68
29.7634,1.63
29.7904,1.72
29.8183,1.71
29.842,1.75
29.8732,1.71
29.9081,1.83
29.9106,1.85
29.9155,1.85
29.9156,1.82
29.943,1.76
29.978,1.78
30.0129,1.6
30.0416,1.62
30.0728,1.67
30.0981,1.75
30.1234,1.74
30.145,1.65
30.1819,1.72
30.221,1.8
30.2626,1.72
30.2806,1.73
30.3173,1.74
30.3528,1.75
30.387,1.87
30.4225,1.76
30.4481,1.72
30.496,1.66
30.5365,1.75
30.5657,1.55
30.6009,1.71
30.6247,1.73
30.643,1.86
30.6631,1.76
30.677,1.73
30.694,1.94
30.7108,1.82
30.7281,1.77
30.7511,1.71
30.7679,1.84
30.7894,1.78
30.8055,1.84
30.8194,1.77
30.8394,1.9
30.8579,1.94
30.8737,1.86
30.8877,1.9
30.9024,1.86
30.9152,1.67
30.9298,1.91
30.9478,1.81
30.9654,1.67
30.9821,1.77
30.9935,1.92
31.0103,1.61
31.029,1.64
31.0467,1.82
31.0644,1.62
31.0951,1.66
31.114,1.6
31.1328,1.75
31.1484,1.78
31.1693,1.63
31.181,1.79
31.2007,1.75
31.2154,1.79
31.234,1.81
31.2531,1.65
31.2703,1.51
31.285,1.59
31.2997,1.59
31.3133,1.75
31.33,1.55
31.34,1.59
31.3497,1.51
31.3635,1.44
31.3742,1.42
31.388,1.55
31.3997,1.53
31.417,1.71
31.4341,1.6
31.4517,1.42
31.4644,1.62
31.4811,1.61
31.4949,1.44
31.5125,1.59
31.5286,1.8
31.5444,1.66
31.5606,1.7
31.5831,1.77
31.6054,1.7
31.6254,1.63
31.641,1.78
31.6586,1.64
31.6792,1.63
31.691,1.66
31.7027,1.57
31.7096,1.74
31.7096,1.72
31.7113,1.76
31.7135,1.85
31.7135,1.86
31.7165,1.83
31.7172,1.82
31.7204,1.75
31.7302,1.62
31.7479,1.64
31.7635,1.66
31.7792,1.66
31.7903,1.55
31.8067,1.84
31.8253,1.6
31.8354,1.65
31.8466,1.62
31.8554,1.71
31.8683,1.71
31.8791,1.62
31.893,1.69
31.9097,1.59
31.9293,1.58
31.9473,1.65
31.9656,1.46
31.9852,1.55
32.0107,1.61
32.0234,1.83
32.0382,1.62
32.051,1.5
32.0638,1.6
32.0843,1.55
32.097,1.52
32.1087,1.65
32.1225,1.61
32.1359,1.65
32.1577,1.84
32.1804,1.44
32.1989,1.61
32.2208,1.61
32.2406,1.63
32.2588,1.75
32.2686,1.82
32.2841,1.83
32.3028,1.83
32.3137,1.72
32.3274,1.74
32.3394,1.69
32.3519,1.69
32.367,1.72
32.3804,1.69
32.3951,1.81
32.4072,1.71
32.4196,1.71
32.4282,1.83
32.449,1.7
32.4737,1.72
32.4882,1.84
32.5072,1.87
32.5196,1.85
32.5299,1.8
32.5461,1.65
32.5596,1.85
32.5735,1.82
32.5902,1.75
32.6131,1.66
32.6392,1.78
32.6662,1.86
32.6791,1.79
32.7,1.76
32.7246,1.79
32.7461,1.82
32.7628,1.72
32.7765,1.82
32.7971,1.81
32.8128,1.65
32.8393,1.66
32.8628,1.64
32.8864,1.88
32.9121,1.66
32.9338,1.71
32.9495,1.94
32.9644,1.81
32.9852,1.77
33.0099,1.84
33.0285,1.95
33.0444,1.75
33.0599,1.69
33.0849,2.02
33.1158,1.9
33.1303,1.94
33.1402,2.25
33.1472,1.74
33.1678,2.05
33.1834,2.05
33.1934,2.11
33.206,2.09
33.2292,2.06
33.245,1.98
33.2638,1.95
33.2852,1.77
33.305,2.07
33.3279,2.06
33.338,2.03
33.3603,2
33.376,2.14
33.394,2.01
33.4121,2.1
33.4349,2.04
33.4536,2.03
33.4699,2.15
33.49,2
33.5095,2.14
33.5239,2.02
33.5468,2.07
33.5654,2.14
33.5767,2
33.5925,2.06
33.6144,2.1
33.631,2.07
33.6552,1.98
33.6672,1.81
33.6885,1.96
33.7027,1.71
33.7196,1.7
33.7438,1.51
33.7592,1.54
33.7717,1.47
33.7903,1.57
33.8089,1.43
33.8226,1.51
33.8462,1.54
33.8642,1.46
33.8835,1.42
33.9014,1.37
33.917,1.49
33.9392,1.25
33.9682,1.34
33.995,1.2
34.0131,1.36
34.0396,1.36
34.0539,1.22
34.0758,1.25
34.1151,1.19
34.1499,1.26
34.1639,1.17
34.1838,1.13
34.2208,1.14
34.2541,1.09
34.2964,0.99
34.3612,0.99
34.4093,1.09
34.4369,1.24
34.4837,1.09
34.5377,1.12
34.5731,1.12
34.6326,1.2
34.6662,0.95
34.695,1.13
34.742,1.07
34.7771,1.01
34.8178,1.23
34.894,1.23
34.9838,1.14
35.0508,1.11
35.12,1.15
35.1918,1.1
35.2589,1.01
35.2947,1.13
35.2371,0.97
35.2795,1.06
35.3461,0.97
35.3907,0.94
35.4431,1.04
35.5389,0.97
35.5934,1.15
35.69,1.06
35.7613,1.02
35.8816,1
35.9596,1.12
36.0544,1.01
36.1021,0.81
36.1624,0.95
36.2616,1.05
36.3171,0.78
36.3267,0.75
36.3436,0.7
36.3633,0.45
36.3787,0.72
36.4209,0.82
36.4673,0.78
36.4827,0.79
36.4904,0.73
36.5376,0.85
36.5772,0.85
36.5964,0.89
36.6219,0.86
36.6313,0.85
36.6374,0.86
36.6598,0.97
36.6753,1.02
36.7006,0.88
36.7147,0.91
36.7466,0.81
36.7661,0.79
36.7857,0.92
36.7955,0.92
36.8074,0.86
36.8175,0.83
36.8321,0.71
36.8541,0.71
36.8712,0.68
36.8908,0.84
36.9079,0.7
36.9274,0.66
36.947,0.73
36.9738,0.76
37.0129,0.75
37.0313,0.76
37.0569,0.75
37.0841,0.62
37.106,0.78
37.1205,0.68
37.1501,0.77
37.1791,0.75
37.2376,0.69
37.2695,0.58
37.3692,1.02
37.7662,1.1
37.9883,0.96
38.2382,0.74
38.4088,0.9
38.6376,0.99
38.822,0.83
39.0421,0.86
39.1643,0.76
39.2959,0.86
39.3542,0.77
39.4625,0.62
39.5753,0.75
39.6221,0.62
39.6532,0.59
39.685,0.7
39.7315,0.6
39.7712,0.48
39.808,0.5
39.8382,0.49
39.8555,0.61
39.8885,0.7
39.9133,0.68
39.9273,0.53
39.9541,0.51
39.9773,0.46
40.0087,0.48
40.0375,0.47
40.059,0.41
40.0872,0.26
40.1147,0.29
40.135,0.22
40.1589,0.09
40.1721,-0.15
40.1728,-0.18
40.1728,-0.19
40.1745,-0.22
40.1748,-0.23
40.1805,-0.19
40.1838,-0.15
40.1861,-0.15
40.1862,-0.12
40.1902,-0.05
40.2132,0.02
40.2353,0.09
40.2531,0.06
40.286,-0.08
40.3044,0.04
40.3372,0.2
40.3599,0.23
40.3941,0.22
40.4169,0.42
40.4383,0.41
40.4668,0.31
40.4953,0.41
40.5138,0.48
40.532,0.57
40.5571,0.53
40.5915,0.43
40.6174,0.52
40.6576,0.51
40.6847,0.55
40.7213,0.48
40.7424,0.61
40.8121,0.63
40.8499,0.51
40.9028,0.49
40.9567,0.38
41.0029,0.47
41.0512,0.51
41.0987,0.49
41.16,0.54
41.2111,0.61
41.2789,0.54
41.3846,0.29
41.4672,0.27
41.4767,0.26
41.4819,0.23
41.5112,0.26
41.517,0.3
41.5368,0.3
41.6242,0.43
41.8196,0.33
41.9203,0.48
42.1301,0.35
42.2549,0.46
42.3787,0.52
42.4475,0.46
42.5607,0.41
42.6691,0.32
42.7344,0.33
42.8622,0.37
42.9826,0.39
43.1032,0.34
43.2251,0.34
43.2836,0.29
43.4074,0.33
43.5047,0.3
43.5874,0.32
43.8268,0.26
43.9782,0.38
44.2218,0.21
44.3167,0.35
44.4592,0.31
44.648,0.31
44.8155,0.2
44.9131,0.17
45.0575,0.22
45.1741,0.26
45.332,0.31
45.5042,0.26
45.6397,0.21
45.7695,0.23
45.8819,0.16
46.031,0.22
46.1991,0.06
46.38,0.02
46.5804,0.08
46.8437,-0.1
47.1742,-0.22
47.3029,-0.19
47.4387,-0.27
47.5522,-0.2
47.6889,-0.3
47.8049,-0.27
47.9585,-0.15
48.0825,-0.39
48.1805,-0.34
48.2902,-0.36
48.4239,-0.37
48.5376,-0.43
48.7214,-0.45
48.8654,-0.46
49.0352,-0.59
49.1645,-0.64
49.267,-0.58
49.3797,-0.54
49.4854,-0.58
49.6958,-0.54
49.7905,-0.44
49.9777,-0.48
50.1297,-0.58
50.1949,-0.59
50.2523,-0.73
50.437,-0.75
50.6289,-0.84
50.8532,-0.67
51.1268,-0.7
51.4316,-0.36
51.6175,-0.79
51.7494,-0.73
52.0171,-0.56
52.199,-0.66
52.3028,-0.66
52.3028,-0.69
52.3185,-0.7
52.3578,-0.67
52.4642,-0.61
52.5911,-0.61
52.6588,-0.4
52.7354,-0.51
52.8155,-0.6
52.8585,-0.6
52.9737,-0.68
53.0498,-0.58
53.1545,-0.49
53.2265,-0.5
53.3017,-0.6
53.3977,-0.54
53.5116,-0.54
53.5789,-0.35
53.6391,-0.45
53.7195,-0.49
53.7916,-0.52
53.9359,-0.59
53.9477,-0.6
53.9938,-0.69
54.0423,-0.47
54.1155,-0.51
54.3102,-0.41
54.4024,-0.37
54.477,-0.16
54.5295,-0.35
54.6691,-0.4
54.7788,-0.3
54.8471,-0.26
54.9178,-0.2
54.9782,-0.28
55.043,-0.28
55.1403,-0.32
55.1702,-0.27
55.2316,-0.4
55.2699,-0.31
55.3452,-0.34
55.4011,-0.2
55.4905,-0.11
55.5695,-0.04
55.6306,-0.17
55.6761,-0.34
55.7796,-0.08
55.8131,-0.16
55.8377,-0.25
55.8625,-0.05
55.8805,-0.33
55.9012,-0.28
55.913,-0.47
55.9217,-0.52
55.9342,-0.71
55.9346,-0.73
55.9352,-0.83
55.9381,-0.84
55.9407,-0.86
55.945,-0.92
55.9468,-0.87
55.9483,-0.91
55.9493,-1
55.9507,-1.05
55.9513,-1.06
55.9531,-1.12
55.9538,-1
55.9538,-0.87
55.9566,-0.89
55.9583,-0.74
55.959,-0.56
55.9647,-0.39
55.9652,-0.26
55.9655,-0.1
55.97,-0.06
55.9759,0.01
55.9955,0.08
56.0125,0.05
56.0384,0.14
56.0577,0.09
56.1021,0.02
56.164,0.16
56.196,-0.17
56.2513,-0.1
56.3972,0.22
56.5581,0.33
56.6666,0.15
56.7748,0.09
56.9547,-0.04
57.1459,0.12
57.3055,0.2
57.425,0.2
57.5946,0.03
57.6764,0.11
57.806,0.2
57.9463,0.24
58.0814,0.2
58.2939,0.32
58.4055,0.08
58.473,0.25
58.6461,0.29
58.7947,0.27
59.0231,0.25
59.5822,0.35
59.8902,0.44
60.2156,0.32
60.6006,0.22
60.8827,0.24
61.411,0.19
61.5818,0.21
61.8721,0.19
62.1826,0.21
62.3434,0.09
62.5966,0.04
63.0847,0.16
63.4933,0.1
63.7525,0.18
64.2183,0.17
64.6032,0.01
65.209,-0.1
65.3623,-0.18
65.4743,-0.2
65.4743,-0.15
65.7328,-0.1
65.7328,-0.03
65.7655,-0.01
65.8868,0.11
65.945,0.37
65.9875,0.3
66.1041,0.28
66.3159,0.44
66.4276,0.46
66.5229,0.33
66.7797,0.35
67.1689,0.37
67.7223,0.37
67.8552,0.28
68.1948,0.39
68.3294,0.47
68.4236,0.4
68.5785,0.49
68.7253,0.37
68.8385,0.61
68.9988,0.5
69.1905,0.33
69.3853,0.4
69.4396,0.48
69.4796,0.65
69.5267,0.51
69.687,0.45
69.7719,0.4
69.8661,0.51
69.9887,0.65
70.0561,0.64
70.2527,0.51
70.3217,0.55
70.4071,0.53
70.6015,0.59
70.777,0.76
70.9032,0.32
71.0447,0.58
71.2615,0.66
71.403,0.14
71.4747,0.54
71.8378,0.35
72.1349,0.16
72.5228,0.15
73.4597,0.05
73.8266,-0.02
74.5457,-0.08
74.6773,-0.18
74.8292,-0.2
75.0129,-0.09
75.0318,-0.07
75.4369,0.03
75.9976,0.09
76.1313,0.01
76.6956,-0.03
76.9661,-0.48
NA,NA
NA,NA
